name,money,addr
贵州一龙熔喷布制造有限公司,12000万元人民币,贵州省遵义市红花岗区深溪镇盈田工谷37号厂房整栋
四平市东昇熔喷布制造有限公司,1000万元人民币,四平市铁东区平东东路西侧
贵州富源卓致熔喷布贸易有限公司,380万元人民币,贵州省黔南州福泉市马场坪办事处工业园区3#标准化厂房四楼
瑞安市华亮熔喷布新材料有限公司,100万元人民币,浙江省温州市瑞安市瑞安经济开发区发展区港口大道399号(浙江建达机械有限公司内5幢1楼)
伊春市诺德熔喷非织造布有限公司,500万元人民币,黑龙江省伊春市上甘岭区森林街1069幢号
台州东海翔熔喷非织造布有限公司,550万元人民币,浙江省台州市临海市杜桥镇杜南大道3091号
扬州中创熔喷非织造布制造有限公司,100万元人民币,高邮市送桥镇扬菱路向西150米
宁波益体熔喷非织造布有限公司,150万元人民币,慈溪市宗汉街道百两桥村
哈尔滨市道外区海堂熔喷布厂,,哈尔滨市道外区团结镇程家村
瑞安市大银熔喷布加工厂,,浙江省温州市瑞安市东山街道望江新街118号一楼
丹阳市丹北镇厚德熔喷布厂,20万元人民币,丹阳市丹北镇埤城城中村
丹阳市界牌镇洪辰熔喷布厂,10万元人民币,丹阳市界牌镇界南工业园
丹阳市丹北镇沃恒熔喷布厂,20万元人民币,丹阳市丹北镇埤城城中村
丹阳市丹北镇尚亿熔喷布厂,20万元人民币,丹阳市丹北镇埤城村
丹阳市界牌镇龙峰熔喷布厂,10万元人民币,丹阳市界牌镇界北村长江渔场中山灯具厂内
怀远县榴城塑宝熔喷布加工厂,,安徽省蚌埠市怀远县榴城镇经济开发区兴业路5号院内3号门
丹阳市界牌镇凯拓熔喷布厂,20万元人民币,丹阳市界牌镇武阳工业园
丹阳市访仙镇华俊熔喷布厂,50万元人民币,丹阳市访仙镇独山村土桥
丹阳市界牌镇荣吉熔喷布厂,20万元人民币,丹阳市界牌镇界中工业园
丹阳市丹北镇真善美熔喷布厂,10万元人民币,丹阳市丹北镇埤城常兴村常六工业园
常德通通帮医疗科技有限公司,500万元人民币,湖南省常德经济技术开发区石门桥镇上街社区(社区7栋1层101室)
丹阳市丹北镇伊动熔喷布厂,20万元人民币,丹阳市丹北镇埤城尧巷
丹阳市丹北镇绿艳熔喷布厂,20万元人民币,丹阳市丹北镇埤城唯益工业园
丹阳市丹北镇仁通熔喷布厂,20万元人民币,丹阳市丹北镇埤城村林常路
丹阳市陵口镇河润熔喷布厂,30万元人民币,丹阳市陵口镇大王庄201县道旁
丹阳市界牌镇栋成熔喷布厂,20万元人民币,丹阳市界牌镇界中工业园
丹阳市界牌镇束超熔喷布厂,20万元人民币,丹阳市界牌镇界中工业园
丹阳市丹北镇双喜熔喷布制造厂,500万元人民币,丹阳市丹北镇长春园
丹阳市丹北镇亿涵熔喷布厂,50万元人民币,丹阳市丹北镇前巷村徐巷(沿江工具厂内)
宜兴市官林镇达迅熔喷布经营部,3万元人民币,宜兴市官林镇新官西路
天津泰达洁净材料有限公司,8000万元人民币,天津开发区第三大街16号
上海港凯净化制品有限公司,80万美元,上海市松江区车墩镇香亭路382号
连云港柏德实业有限公司,3900万美元,连云港市东海开发区晶都路北、晶宸路南
上海精发实业股份有限公司,5000万元人民币,上海市金山区亭林镇林盛路28号
泉州市百川熔喷科技有限公司,3000万元人民币,福建省泉州市石狮市蚶江镇海峡两岸科技孵化基地研发楼5楼502
大连瑞源非织造布有限公司,1824万美元,辽宁省大连市金州区西南窑100号
江西天滤新材料股份有限公司,1000万元人民币,江西省九江市浔阳区三号工业园津晶城科技园20号楼102.202
江苏盛纺纳米材料科技股份有限公司,5955.5572万元人民币,巴城镇正仪通澄南路2号2、3号房
开平华士达制布企业有限公司,1772.5万美元,开平市长沙东郊
高密宏泰机床制造有限公司,2000万元人民币,山东省潍坊市高密市三真大道西平安大道北
晋江市兴泰无纺制品有限公司,1050万美元,晋江市五里工业园区
江苏金美达新材料有限公司,4561万元人民币,泗洪县经济开发区淮河西路19号
上海名冠净化材料股份有限公司,2270.7万元人民币,上海市嘉定区园国路1185号4幢1层B区
湖南欣龙非织造材料有限公司,8300万元人民币,津市工业集中区团湖大道西侧
浙江朝隆纺织机械股份有限公司,8070万元人民币,浙江省温州市瓯海仙岩工业园勤丰路62号
山西相明医疗器械有限公司,5000万元人民币,山西省长治市潞州区南环东街148号唯美诺科技园068号
河南健德材料科技有限公司,1000万元人民币,郑州航空港经济综合实验区华夏大道与人民路交叉口智能终端(手机)产业园24号楼
江苏六鑫洁净新材料有限公司,8600万元人民币,泗洪县经济开发区香江路北侧
深圳市中村科技实业有限公司,500万元人民币,深圳市宝安区松岗镇沙浦村欧洲之窗工业区
山东景云新材料有限公司,2000万元人民币,济宁高新区黄屯街道办事处西浦路116号
湖北裕民防护用品有限公司,1000万元人民币,湖北省仙桃市彭场镇彭场大道118号
量子金舟（天津）非织造布有限公司,200万元人民币,天津市武清区曹子里镇花城中路57号
郑州和纬达塑业有限公司,2188万元人民币,郑州市中原区纺织产业园文竹街
安徽用特医疗器械有限公司,3000万元人民币,安徽省阜阳市太和县经济开发区裕民东路路北
平舆县佳喜防护科技有限公司,6600万元人民币,河南省驻马店市平舆县工业集聚区西6-2
普宁市新栩纺织有限公司,5000万港元,普宁市流沙南睦邻路北侧马栅开发区
太康县栋建机械设备有限责任公司,500万元人民币,河南省周口市太康县城郊乡蜜蜂刘村
深圳市新高佳科技有限公司,500万元人民币,深圳市宝安区西乡街道固兴社区固戍一路一号U+研发中心A座101
临沂亿创新材料有限公司,100万元人民币,临沂市兰山区义堂镇岚富路和义刘路交汇葛疃村68号
河南康胜生物科技有限公司,1000万元人民币,河南省郑州市荥阳市荥运路与飞龙路交叉口向东100米路南
大连瑞光非织造布集团有限公司,1136.8万元人民币,辽宁省大连市金州区友谊街道龙水路2号
上海捷英途新材料科技有限公司,1000万元人民币,上海市奉贤区新杨公路1566号4号厂房
安徽江宜新材料有限公司,800万元人民币,安徽省安庆市怀宁县工业园月山大道旁电子精密仪器专业园9号楼
佛山市南海必得福无纺布有限公司,6000万元人民币,广东省佛山市南海区沙头石江工业区
御元堂药业股份有限公司,5000万元人民币,贵州省铜仁市松桃苗族自治县经济开发区工业路1号
山东上善堂生物工程有限公司,12000万元人民币,山东省威海临港经济技术开发区府前街2号
称道新材料科技（上海）有限公司,3000万元人民币,上海市青浦工业园区天盈路585号1-3幢
晋江市世康新材料科技有限公司,3000万元人民币,福建省泉州市晋江市内坑镇前洪村5号
招远市成霖无纺布制品有限公司,200万元人民币,山东省烟台市招远市金晖路530号
安徽省亮亮纺织有限公司,3000万元人民币,安徽省安庆市望江经济开发区通港路15号
河南拉波尼医疗科技有限公司,1000万元人民币,河南省新乡市长垣市蒲东蒲城大道与龙逄大道交叉口向北300米路西
河南恒发地毯有限公司,800万元人民币,巩义市产业集聚区
利辛县尚佳纺织有限公司,500万元人民币,安徽省亳州市利辛县旧城镇代园村代园窑厂
牡丹江诺德信医疗器械科技有限公司,1000万元人民币,黑龙江省牡丹江市东安区江南开发区中俄科技信息产业园规划二街
河南省德庆祥制药有限责任公司,500万元人民币,平舆县工业集聚区(丰收路南侧创业路5号)
江苏优风环保科技有限公司,4000万元人民币,南通高新区西区金鼎路东侧、金桥路北侧
江西昊瑞工业材料有限公司,1000万元人民币,江西省九江市浔阳区城东工业基地津晶城科技园内
诸暨吉里熔喷材料科技有限公司,500万元人民币,浙江省诸暨市店口镇杨梅桥社区(诸暨三森纺织科技有限公司厂区内)
乐昌市宝创环保新材料制品有限公司,3000万元人民币,乐昌市乐昌产业转移工业园金岭二路3号
阜新矿源物资有限公司,3000万元人民币,阜新市太平区东阜新车站
山东昌运医用制品有限公司,2000万元人民币,山东省临沂市沂南县孙祖镇纸坊村
东莞市力量纺织品有限公司,100万元人民币,广东省东莞市南城街道宏图路39号11栋2169室
陕西金亿和新材料有限公司,600万元人民币,陕西省安康市汉阴县涧池镇军坝村六组
湖南盛锦新材料有限公司,2180万元人民币,湖南省岳阳市经济技术开发区康王工业园(奇康路24号)
山西高德融信新材料科技有限公司,16000万元人民币,山西省临汾市襄汾县襄汾经济技术开发区十方泽科技创新产业园
湖南韩克生物科技有限责任公司,200万元人民币,湖南省湘西土家族苗族自治州花垣县花垣工业集中区创新创业园
江阴金港无纺布有限公司,500万元人民币,江阴市顾山镇红豆村古塘183号
桐城市嘉德卫生材料有限公司,100万元人民币,安徽省安庆市桐城市范岗镇工业园
江阴金凤非织造布制品有限公司,550万美元,江苏省江阴市陆桥镇
山东泰鹏环保材料股份有限公司,9100万元人民币,山东肥城市高新技术产业开发区
广东中樱汽车声学系统研发有限公司,6000万元人民币,广州市增城区仙村镇西南开发区田中坑
桐城市众安纺织有限公司,200万元人民币,安徽省安庆市桐城市经济技术开发区双新产业园1号
河南宏大非织造布有限公司,1500万元人民币,新乡经济技术开发区
广东闽永无纺科技有限公司,1000万元人民币,广东省东莞市虎门镇新尚路15号1栋101房
山东信恩无纺布有限公司,10000万元人民币,山东省聊城市茌平区乐平铺镇高端产业聚集区
兆嘉工程用布（上海）有限公司,344.12万美元,上海市松江区新浜镇文兵路683号
惠州市熙尔生物科技有限公司,5000万元人民币,惠州市惠城区河南岸演达一路1号瑞和家园二期5、6号楼5号楼6层03号房
广东美沃布朗科技有限公司,1500万元人民币,东莞市厚街镇宝屯社区西环路6号
诸城市国通纺织科技有限公司,200万元人民币,山东省潍坊市诸城市高新技术产业园场站路168号
张家港高品诚医械科技有限公司,100万元人民币,金港镇南沙山北村宏盟路
安徽千鑫通讯科技有限公司,7000万元人民币,宁国经济技术开发区创新北路1号
成都净倍思医疗器械有限公司,100万元人民币,四川省成都市都江堰市青城山镇泊江社区六组27号
郑州豫力新材料科技有限公司,8680万元人民币,新郑市郭店镇轻工路与希望路交叉口西南角
黑龙江首骏医疗器械有限公司,5200万元人民币,黑龙江省佳木斯市汤原县幸福家园小区内13号楼南侧独栋(客商服务中心1021室)
海南欣龙无纺股份有限公司,10965万元人民币,海南省澄迈县老城工业开发区
怀宁县信玉新材料有限公司,500万元人民币,安徽省安庆市怀宁县工业园兴业路4号
安徽依采妮纤维材料科技有限公司,100万元人民币,芜湖高新技术产业开发区中山南路717号服务外包产业园B7-1
广东合申医用器械有限公司,5000万元人民币,江门市江海区南山工业区兴业路30号合申工业园二栋三楼
安徽聚利升织造有限公司,500万元人民币,安徽省亳州市利辛县城关镇淝河路以东利辛县佳宇织造有限公司院内
安徽清源防护用品有限公司,1000万元人民币,安徽省安庆市桐城市龙眠街道金大地工业区创业一路
兰州宝石花医疗器械有限公司,2000万元人民币,甘肃省兰州市西固区西固中路152号-10
贺氏（苏州）特殊材料有限公司,3000万美元,苏州工业园区淞北路39号
杭州诚品实业有限公司,2000万元人民币,杭州余杭区余杭街道仙宅村
珠海市红歌防护用品有限公司,300万元人民币,珠海市拱北迎宾南路1155号中建商业大厦13楼1311房
张家港骏马无纺布有限公司,3000万元人民币,杨舍镇乘航蒋桥
黑龙江康沃医疗器械有限公司,5200万元人民币,黑龙江省佳木斯市汤原县幸福家园小区内13号楼南侧独栋楼(客服商务中心1022室)
深圳禧织熔喷制品有限公司,100万元人民币,深圳市光明区公明街道上村社区莲塘工业城东边头工业园第12栋101
宝星磁电工业（惠州）有限公司,6475万港元,惠州仲恺高新区36号小区
邯郸恒永防护洁净用品有限公司,10000万元人民币,河北省永年工业园区内
安徽奥美非纺织造布有限公司,80万元人民币,安徽省阜阳市临泉县前进路东段177号
青岛瑞东新材料科技有限公司,1000万元人民币,山东省青岛市高新区华东路826-15号
安庆市金维劳保用品有限公司,50万元人民币,安徽省安庆市怀宁县高河镇金塘小区北4-6号
仙桃市万顺不锈钢制品有限公司,800万元人民币,仙桃市张沟镇新里仁口绿化村七组
东莞创洪无纺布有限公司,500万元人民币,广东省东莞市石碣镇石碣铭华路48号
潍坊双渔商贸有限公司,1万元人民币,山东省潍坊市坊子区八马路南东刘家埠村北86号
怀宁县龙翔塑料复合有限公司,500万元人民币,安徽省安庆市怀宁县金拱镇工业小区
浙江聚优非织造材料科技有限公司,5000万元人民币,嘉兴市秀洲区新塍镇兴园路283号
敦化市武岳橡塑科技有限公司,500万元人民币,敦化经济开发区
南昌晨琪服装有限公司,100万元人民币,江西省南昌市进贤县经济开发区铭发标准厂房B区南栋2楼
江阴恒和无纺布制品有限公司,1688万元人民币,江阴市华士镇工业集中区勤丰村勤丰路东
石狮市瀚成塑胶彩印有限公司,1450万元人民币,福建省泉州市石狮市永宁镇信义区西路59号
深圳市添越无纺布滤材有限公司,500万元人民币,深圳市龙岗区平湖街道平湖社区万福路王其峰工业区B栋401
洛溪思（监利）无纺布有限公司,120万元人民币,湖北省荆州市监利县朱河镇深圳工业园A区1楼
芜湖跃飞新型吸音材料股份有限公司,5656.0088万元人民币,安徽省芜湖市高新技术产业开发区天井山路21号
常熟璟杰无纺制品有限公司,50万元人民币,常熟市支塘镇常生路3号
湖北金卫康防护用品有限公司,3000万元人民币,仙桃市彭场镇何场新街
安徽佳宜医疗科技有限公司,3000万元人民币,安徽省安庆市怀宁县工业园黄龙路1号
龙口市汇普智造科技发展有限公司,500万元人民币,山东省烟台市龙口市兰高镇政府驻地东四号路南
昆山永安非织造无纺科技有限公司,250万元人民币,昆山市玉山镇夏浜路20号3号房
邢台郎孚贸易有限公司,1000万元人民币,河北省邢台市临城县临城镇岐山湖大道330号
滁州市莎朗新材料科技有限公司,500万元人民币,安徽省滁州市全椒县全椒经济开发区
惠州市龙德科技有限公司,10000万元人民币,惠阳三和经济开发试验区宏联工业园1#
铜陵江南医药拓域科技有限公司,500万元人民币,安徽省铜陵市经济开发区泰祥科技创业园B座厂房一层
安徽润恒实业有限公司,5000万元人民币,阜南县经济开发区阜安路18号
河源中光电通讯技术有限公司,25000万元人民币,河源市高新区科六路南边兴业大道东边C栋第二层
宁国众科机械有限公司,238万元人民币,安徽省宣城市宁国市经济技术开发区河沥园区东城路与曹坊路交叉口南侧
清河县鸿亿贸易有限公司,5000万元人民币,河北省邢台市清河县王官庄镇小屯村西侧
江阴市恒富塑料制品有限公司,50万元人民币,江阴市华士镇华西村民企二路6号(属华西工业集中区)
深圳市嘉鸿泰纸业有限公司,50万元人民币,深圳市龙岗区宝龙街道同德社区浪背村1号名人公馆C栋101
常熟市伟成非织造成套设备有限公司,5000万元人民币,常熟市支塘镇迎阳大道26号
安义县昌盛塑业有限公司,3万元人民币,江西省南昌市安义县工业园区前进路
深圳市毅宁亮照明有限公司,1000万元人民币,深圳市宝安区石岩街道石龙仔路东侧厂房A栋(第三层、第六层)
揭阳保康顺防护用品有限公司,50万元人民币,普宁市下架山镇涂坑村普宁大道南侧
苏州工业园区昌浩喷丝板有限公司,500万元人民币,苏州工业园区唯亭镇双泾街39号
深圳市康盈医疗器材有限公司,100万元人民币,深圳市宝安区沙井街道沙三社区沙三路45号C1
仙桃市功兵劳保用品有限公司,1000万元人民币,仙桃市沙嘴办事处杨岗工业园
淄博华铭医疗器械有限公司,200万元人民币,山东省淄博市桓台县果里镇沈家村282号
桐城市鼎力塑化有限责任公司,200万元人民币,安徽省桐城市合安路1155公里处
安徽富亚医疗器械科技发展有限公司,2000万元人民币,安徽省亳州市利辛县城关镇经开区永兴西路8号
怀宁县日升塑业有限公司,1000万元人民币,安徽省安庆市怀宁县金拱镇工业小区
聊城市茌平区鑫乐包装制品有限公司,100万元人民币,山东省聊城市茌平区贾寨镇郭朱路与通信路交叉口南1000米路东
四川润泰医疗器械有限公司,100万元人民币,四川省泸州市泸县喻寺镇谭坝村160号;四川省泸州市泸县喻寺镇兴隆街(喻寺镇文化体育办公室)
泉州市洛江宏硕机械有限公司,728万元人民币,泉州市洛江区河市镇溪埔工业区
怀宁县建国劳保用品有限公司,20万元人民币,安徽省安庆市怀宁县马庙镇枫林社区学堂组
高密三木医疗防护用品科技有限公司,1000万元人民币,山东省潍坊市高密市柏城镇康平大街西首北侧
桐城市明洁包装材料有限公司,1889万元人民币,安徽省桐城市金神镇香铺工业园
桐城市鑫隆色母料有限公司,100万元人民币,安徽省安庆市桐城市新渡镇新渡村3号101
潜山市明欣劳保用品有限公司,50万元人民币,安徽省安庆市潜山市源潭镇双峰居委会(柴庄片)
长垣市力创机械设备有限公司,5000万元人民币,河南省新乡市长垣市蒲西区人民路西段路南
武城雅洁消毒用品有限公司,1000万元人民币,山东省德州市武城县运河路与古贝春大街交汇路口东50米路南
河南省洁欣医疗器械有限公司,500万元人民币,河南省开封市杞县来远北街蓝岸丽都一单元五楼
河南曼博睿新材料科技有限公司,5000万元人民币,漯河市召陵区东城产业集聚区桃园路3号
晋江金首鞋业有限公司,300万元人民币,福建省泉州市晋江市磁灶镇山仔村疏解大道一号
佛山市保乐进出口贸易有限公司,101万元人民币,佛山市南海区桂城平洲夏东三洲石洛沙“赢富中心”第1座4楼4B11号(住所仅作办公室用)
安徽鸿庆防护用品有限公司,500万元人民币,安徽省安庆市桐城经济技术开发区兴源西路1号
宝鸡格瑞诺无纺布有限公司,1000万元人民币,陕西省宝鸡市高新开发区天王镇泰华物流产业公司院内4号厂房
上海兴诺康纶纤维科技股份有限公司,5400万元人民币,上海市徐汇区宜山路889号5幢1501室
郑州枫林无纺科技有限公司,1000万元人民币,巩义市小关镇小关村
怀宁雷笛汽车配件有限公司,50万元人民币,安徽省安庆市怀宁县金拱镇万胜国际城
临沂金绣苑绣品有限责任公司,2169万元人民币,山东省临沂市费县城东工业园
安徽唐纳新材料科技有限公司,1000万元人民币,安徽省安庆市怀宁县高河镇高河大道天美汽贸厂A区
苏州苏康达环保科技有限公司,50万元人民币,苏州高新区木桥街9号
宏大研究院有限公司,5000万元人民币,北京市北京经济技术开发区永昌南路19号
东莞市铭瑞生物科技有限公司,200万元人民币,广东省东莞市常平镇常平大道25号406室
河北维克托立贸易有限公司,1500万元人民币,河北临城经济开发区中兴大街东侧中段
海宁市卫太生物科技有限公司,322.22万元人民币,浙江省嘉兴市海宁市海宁经济开发区双联路128号6号创业楼2楼
高密三顺医疗器械有限公司,1000万元人民币,山东省潍坊市高密市柏城镇工业园三真大道南段西侧2056号
安徽赛尔维斯防护用品有限公司,568万元人民币,安徽省安庆市桐城市新渡镇新渡村101号
潜山县博雅制衣有限公司,500万元人民币,安徽省安庆市潜山县经济开发区天柱山科技园
邯郸蕾骏纺织有限公司,300万元人民币,河北省邯郸市临漳县经济开发区新城园区朱明大街与北门路交叉口
豫和天中（东莞）科技有限公司,100万元人民币,广东省东莞市南城街道宏图路39号1栋243室
桐乡市健民过滤材料有限公司,4800万元人民币,浙江省嘉兴市桐乡市崇福镇开发区世纪大道北侧
郑州怡发地毯有限公司,1158万元人民币,巩义市回郭镇
马鞍山峻悦纺织品有限公司,200万元人民币,马鞍山市博望区博望镇鸭绿江路与长安路交叉口东北角
安庆市兴中劳保用品有限公司,200万元人民币,安徽省安庆市迎江区龙狮桥乡华中东路182号华丰公寓2-3号楼一层附房
辽宁依佳卫材有限公司,500万元人民币,辽宁省抚顺市顺城区河北乡龚家村(新旗、龚家、施家)
广州市三泰汽车内饰材料有限公司,3000万元人民币,广州市增城区新塘镇新祥路8号(厂房A-1、办公楼A-3)(厂房A-2)
新乡市神陆贸易有限公司,700万元人民币,河南省新乡市新乡经济技术开发区(河南华瑞院内)
晋江泉胜服饰有限公司,1380万元人民币,福建省泉州市晋江市龙湖镇仑上村工业区50号
烟台喜帮电子科技有限公司,100万元人民币,山东省烟台市福山区上庄路77号
豆丁乐园（南京）婴儿用品有限公司,29.997万美元,南京市高淳县经济开发区花园路8号
岳西县寓强劳保用品销售有限公司,20万元人民币,安徽省安庆市岳西县天堂镇叶坂村东山路叶坂安置房1栋3单元602室
绍兴柯桥马能无纺材料有限公司,28万元人民币,绍兴市柯桥区钱清镇联兴路352号
高密市宇宏防护用品有限公司,20万元人民币,山东省潍坊市高密市密水街道卞家庄社区西首100米路西
山东易洁环保科技有限公司,300万元人民币,山东省济南市长清区水鸣庄村十四中西邻200米路北
怀宁运达塑料包装有限公司,688万元人民币,安徽省安庆市怀宁县工业园独秀大道金编塑业院内
濮阳市蓝驭防护用品有限公司,200万元人民币,河南省濮阳市范县新区产业集聚区重华路与工业路交叉口东50米
海宁市御纺织造有限责任公司,100万元人民币,浙江省嘉兴市海宁市丁桥镇永胜村村委会所在地
高密市泽铭煜防护用品有限公司,20万元人民币,山东省潍坊市高密市柏城镇大河崖村460号营业房
东莞市联汇铜业有限公司,60万元人民币,东莞市厚街镇新围社区高排仔村四巷3号
福州晟佳锦新材料有限公司,506万元人民币,福建省福州市闽侯县青口镇镜上村镜厦路58号20#EPP包装车间
欣龙控股（集团）股份有限公司,53839.5万元人民币,澄迈县老城工业开发区
安庆市宇星劳保用品有限公司,50万元人民币,安徽省安庆市怀宁县月山镇月山东大道18号
桐城市丽泽防护用品有限公司,200万元人民币,安徽省安庆市桐城市青草镇陶冲村徐坦中心组9号
安徽康阳防护新材料有限公司,998万元人民币,安徽省安庆市桐城市双港镇双港工业园白陂湖大道18号
华傲科技发展（大连）有限公司,3000万元人民币,辽宁省大连市沙河口区西山街二巷18号2单元4层2号
秦皇岛仑智非织造布有限公司,200万元人民币,河北省秦皇岛市海港区北部工业区揽月街33号
河北海雄医疗器械有限公司,300万元人民币,河北省衡水市阜城县恒通大街西
开平市开德利实业有限公司,100万元人民币,开平市三埠长沙曙光东路138号
山西省蒲县浚洁医疗器械有限公司,2000万元人民币,山西省临汾市蒲县黑龙关镇西坡村
桐城市康利吉劳保用品有限公司,100万元人民币,安徽省安庆市桐城经济技术开发区双新产业园经四路一号
安庆市利康劳保用品有限公司,300万元人民币,安徽省安庆市怀宁县工业园黄龙路11号
滑县仁建卫生材料有限公司,80万元人民币,河南省安阳市滑县瓦岗寨乡马庄村向东500米
安徽格努博尔塑业有限公司,5800万元人民币,安徽省桐城双新经济开发区伊洛大道北侧
广东博顺带业有限公司,3800万元人民币,博罗县杨侨镇十二岭办事处通站路边
郑州市豫融新材料有限公司,2000万元人民币,河南省郑州市登封市中岳街道产业聚集区A区4号楼
深圳市聚能同欣科技有限公司,50万元人民币,深圳市光明新区玉塘街道长圳社区长兴科技工业园23栋3楼西边
上海烟草材料厂有限公司,763万元人民币,中国(上海)自由贸易试验区张江路1406弄49号2幢102室
贺州市惠众医疗器械有限公司,200万元人民币,贺州市八步区松木岭路35号412室
福建省创美无纺布制品有限公司,800万元人民币,南安市洪濑镇扬美开发区
安徽振威泵业有限公司,500万元人民币,安徽省安庆市潜山县黄铺经济开发区
揭阳市志勤医疗用品有限公司,5500万元人民币,揭阳空港经济区砲台镇中心工业园(车间A第三层)
安徽国祥防护用品有限公司,800万元人民币,安徽省安庆市桐城经济技术开发区双创园兴隆路1号
安徽卫之康防护用品有限公司,509万元人民币,安徽省安庆市桐城市新渡镇德隆路1号
安庆康净劳保用品有限公司,168万元人民币,安徽省安庆市经开区中山大道99号1号楼三层
霍邱县辉达永康医疗器械有限公司,518万元人民币,安徽省六安市霍邱经济开发区中小企业创业园
台州市黄岩万联挤出模具有限公司,50万元人民币,浙江省台州市黄岩区新前开发区锦川路32号
桐城市吉兴防护用品有限公司,6万元人民币,安徽省安庆市桐城市青草镇河滨新村11号
九江宝靓电子科技有限公司,100万元人民币,江西省九江市瑞昌市夏畈镇花园墩
东莞市丽春吸塑制品有限公司,50万元人民币,东莞市石排镇沙角村村尾路26号
沈阳信天翁科技有限公司,500万元人民币,"辽宁省沈阳市浑南区上深沟村858-20号,沈阳国际软件园B20号103-2室"
华聚新材料（宝应）有限公司,500万元人民币,宝应县安宜工业集中区科技创业园
桐城市润锦防护用品有限公司,108万元人民币,安徽省安庆市桐城市文昌街道文昌工业园8号
山东凯骏环保科技有限公司,1200万元人民币,山东省潍坊市高密市姜庄镇昌安大道(北)3267号
潍坊泽恒针织有限公司,300万元人民币,山东省潍坊市高密市朝阳街道秦家岭村盛世华府二期1-1号营业房
大连梓越纺织新材料有限公司,300万元人民币,辽宁省大连普湾新区炮台街道长岭村
山东卫康防护用品有限公司,5000万元人民币,山东省菏泽市巨野县大义镇工业园区
深圳市正品轩实业发展有限公司,2000万元人民币,深圳市龙岗区横岗街道四联社区228工业区前程路2号C栋201
泸州新铭诺荟医疗器械有限公司,100万元人民币,四川省泸州市泸县高新区医药产业园酒香大道南段2号
安徽泰戈防护用品有限责任公司,520万元人民币,安徽省安庆市桐城市青草镇同兴村前进队6号
河北月悦美医疗科技开发有限公司,1000万元人民币,河北省邯郸市广平县锦泰路西段路南
安徽净洁新材料科技有限公司,500万元人民币,安徽省安庆市怀宁县黄墩镇皖埠村中心组
安徽赛杭卫生材料有限公司,1000万元人民币,安徽省安庆市潜山市开发区迎宾大道八一路188号
武宁县宏辉新材料有限公司,600万元人民币,江西省九江市武宁县工业园
安徽省庆信堂卫生材料有限公司,1000万元人民币,安徽省安庆市潜山市梅城镇南岳路925号
安徽壹圆卫生材料有限公司,1000万元人民币,安徽省安庆市怀宁县工业园里仁路8号
怀宁泰华纺织品销售有限公司,100万元人民币,安徽省安庆市怀宁县马庙镇马庙街道
北京见奇电子机械研究所,,北京市西城区天宁寺东里甲24号北滨河旅馆01号
吉林省元力医疗器械有限公司,300万元人民币,吉林市磐石市经济开发区吉林省元力药业有限公司-办公楼3楼
江西祺煌医用卫生材料有限公司,600万元人民币,江西省南昌市进贤县进贤大道2092号(10号空置厂房)
安庆市宁仁康劳保用品有限公司,500万元人民币,安徽省安庆市怀宁县高河镇独秀大道28号
江阴健发特种纺织品有限公司,50万元人民币,江阴市华士镇勤丰村海达路80号
安庆市盛鸿新材料有限公司,600万元人民币,安徽省安庆市怀宁县工业园洪铺路5号
绍兴市盛龙纺织有限公司,3000万元人民币,绍兴市袍江斗门镇上窑村
北京弘暖纤科技有限公司,2000万元人民币,北京市海淀区昆明湖南路51号院内A座二层209号
东莞市康旗医疗科技有限公司,500万元人民币,广东省东莞市寮步镇上屯创业街51号
晋江市仕泰兰服饰织造有限公司,3150万元人民币,福建省泉州市晋江市龙湖镇仑上村工业区50号
河源泽盛服装有限公司,200万元人民币,连平县三角镇生态工业园共建区第7栋
江西九仓医疗器械有限公司,2000万元人民币,江西省吉安市遂川县工业园区北区
东莞市亿茂滤材有限公司,1000万元人民币,东莞市东城区温塘砖窑工业区砖窑四路198号
濮阳市龙大无纺布有限公司,300万元人民币,市黄河路西段(创业中心17号厂房)
山西隆菲医疗器械有限公司,5000万元人民币,侯马经济开发区香邑大道海星智慧科技产业园
桐城市舒尔康防护用品有限公司,109万元人民币,安徽省安庆市桐城市青草镇高山村2号
山东金信空调集团股份有限公司,10600万元人民币,武城县鲁权屯镇开发区
鹤山市东海塑料色母有限公司,200万元人民币,鹤山市鹤城镇先锋村委会邱杨叶村(元岭山)
青岛金手力王劳保用品有限公司,500万元人民币,青岛市李沧区金水路318号148室
东莞市恒永滤材科技有限公司,300万元人民币,东莞市横沥镇裕宁北路9号
浙江中孚环境设备股份有限公司,2400万元人民币,德清县雷甸镇新利村
安徽省建升矿山设备销售有限公司,2000万元人民币,安徽省安庆市怀宁县高河镇孔雀路241号
安徽徽佳盾医用防护用品有限公司,1000万元人民币,安徽省安庆市怀宁县工业园稼先北路9号
俊富非织造材料有限公司,30773.6527万元人民币,潍坊市高新区宝通街6446号
唐山日日康防护用品有限公司,500万元人民币,河北省遵化市中小企业孵化园(河北中林建筑机械有限公司院内)
淄博太勋塑料有限公司,4568.55万元人民币,淄博市临淄区辛店办事处西夏村北
东莞市普行环保科技有限公司,5万元人民币,广东省东莞市凤岗镇官井头河背岭横路3号
江西雅康医用卫生材料有限公司,200万元人民币,江西省九江市彭泽县黄花镇为民小微创业园
高密市釜泰贸易有限公司,1000万元人民币,山东省潍坊市高密市夏庄镇张家南直村
广东辉丰科技股份有限公司,5000万元人民币,普宁市占陇镇占陈村工业区(占棉公路边)
怀宁富士龙劳保用品有限公司,90万元人民币,安徽省安庆市怀宁县工业园兴业路19号
江西佳英毛纺织品有限公司,1000万元人民币,江西省上饶市余干县禾斛岭
桐城市凯瑞防护用品有限公司,100万元人民币,安徽省安庆市桐城市青草镇乔庄村范坂7号
安徽嘉荣防护用品有限公司,500万元人民币,安徽省合肥市庐江县白湖镇裴岗工业园
亿永惠（山东）防护用品有限公司,340万元人民币,德州市陵城区开发区扶丰街北首路东200米
山东宸新新材料科技有限公司,1000万元人民币,山东省济宁市嘉祥县经济开发区生物产业园内
铁岭市众鑫医疗设备有限公司,38万元人民币,辽宁省铁岭市昌图县长发镇深井村5组
潜山市源潭镇福达劳保用品辅材经营部,,潜山市源潭镇源庆路200号福达综合楼
桐城市康帅博劳保用品有限公司,100万元人民币,安徽省安庆市桐城市青草镇青草大道54号
南宫市鸿胜无纺布有限公司,100万元人民币,河北省邢台市南宫市明化镇石家状村213号
安庆川宇商贸有限公司,100万元人民币,安徽省安庆市怀宁县工业园月山大道电子精密仪器专业园
深圳市振邦虑材科技有限公司,100万元人民币,深圳市罗湖区黄贝街道新秀社区新秀村工业区0栋一层102
深圳市乐海宏天电子有限公司,50万元人民币,深圳市宝安区福永街道凤凰社区岑下路168号B栋212
山东恒鹏卫生用品有限公司,15500万元人民币,广饶县花官镇来家村
安徽优洁卫生用品有限公司,500万元人民币,安徽省安庆市怀宁县工业园独秀大道北18号
安徽鑫三嘉新材料有限公司,1000万元人民币,安徽省安庆市怀宁县工业园雄山路6号
天津绮丽无纺布有限公司,100万元人民币,天津市武清区崔黄口镇一街村
青岛海涌医疗科技有限公司,50万元人民币,山东省青岛市胶州市胶北街道办事处于家村
山东顺杰生物科技有限公司,500万元人民币,山东省菏泽市郓城县经济开发区光明路中段路南
常州金博兴机械有限公司,500万元人民币,武进区前黄镇工业集中区
广庆新材料科技有限公司,20400万元人民币,聊城市东昌路庐山路与东昌路交叉口
东营俊富净化科技有限公司,1000万元人民币,山东省东营市东营区宣州路160号办公楼101室
潍坊保泓纺织品有限公司,300万元人民币,山东省潍坊市青州市经济开发区富盈街中段
安徽省康吉劳保用品有限公司,500万元人民币,安徽省安庆市怀宁县金拱镇人形河街道工农组62号
东莞市鸿锐商贸有限公司,100万元人民币,东莞市常平镇元江元村江霞东路1号
安徽玛斯格塑业包装有限公司,1000万元人民币,安徽省安庆市桐城市新渡镇新安南路49号
晋江金井三坑华杰织造有限公司,508万元人民币,福建省泉州市晋江市金井镇三坑村寻坑区19号
安徽维恩塑业有限公司,500万元人民币,安徽省安庆市怀宁县金拱镇工业园
石狮市万捷电子科技有限公司,100万元人民币,福建省泉州市石狮市宝盖科技园工业区鑫瑞捷新材料公司内
阜阳名熙医疗科技有限公司,100万元人民币,安徽省阜阳市开发区长安路行政事业楼4号2层
泉州益天净水科技有限公司,100万元人民币,福建省泉州市晋江市永和镇英墩村坑尾北区81号
安徽雪润生物科技有限公司,1000万元人民币,萧县龙城镇顺河路100号
安徽鼎熙医疗科技有限公司,5000万元人民币,安徽省安庆市潜山市经济开发区南环路008号
四川同善堂中药饮片有限责任公司,1000万元人民币,天全县城厢镇安居北路333号
惠州市袋王包装有限公司,500万元人民币,惠州市惠阳区新圩镇红卫村
深圳市星源材质科技股份有限公司,19200万元人民币,深圳市光明新区公明办事处田园路北
东莞市科环机械设备有限公司,200万元人民币,东莞市中堂镇东泊大新围工业区
高密市巨盾防护用品有限公司,800万元人民币,山东省潍坊市高密市醴泉街道醴泉大街西2020号
安徽省达生新材料科技有限公司,2000万元人民币,安徽省安庆市怀宁县茶岭镇范塘村工业小区
河北海优斯医疗科技有限公司,1000万元人民币,河北省保定市顺平县永平路
四川聚能滤材有限公司,122万元人民币,中国(四川)自由贸易试验区成都高新区府城大道西段399号7栋3单元13层1303号
安徽双马卫生用品有限公司,500万元人民币,安徽省安庆市怀宁县马庙镇马庙工业园
湖北双森汽车新材料有限公司,5000万元人民币,湖北省荆门市钟祥市南湖新区楚商城富水路20号
广西普生医疗器械有限责任公司,1000万元人民币,广西壮族自治区贵港市港北区南平村(广西西江化工有限责任公司内)
中星医疗器械（深圳）有限公司,500万元人民币,深圳市宝安区石岩街道上屋社区园岭路志泫翰工业园厂房H栋五层
安徽悦升防护用品有限公司,2000万元人民币,安徽省安庆市怀宁县工业园雄山路30号
山东嘉宝新材料有限公司,1000万元人民币,山东省临沂高新技术产业开发区太合路1号
德州博菡日用品有限公司,500万元人民币,山东省德州市平原县桃园街道办事处平苏路北首
江西新之源环境科技有限公司,1000万元人民币,江西省抚州市东乡区渊山岗工业园
安徽盛达卫生材料有限公司,5000万元人民币,安徽省池州市池州经济技术开发区电子信息产业园29号厂房
安徽美翔塑业有限公司,800万元人民币,桐城市新渡镇华东塑料城1#101
泉州冠隆无纺科技有限公司,500万元人民币,福建省泉州市南安市霞美镇光电基地光伏二路
湖南省刚阳科技有限公司,200万元人民币,湖南省娄底市双峰县永丰镇犁头村(大汉龙廷10号楼)
泰安腾云商贸有限公司,50万元人民币,山东省泰安市肥城市凤山大街189号8楼804室
浙江方大织带有限公司,1200万元人民币,浙江龙游工业园区龙岗路
高密海纳服饰有限公司,300万元人民币,山东省潍坊市高密市醴泉街道昌安大道(北)267号11幢8号营业房
河北友杰节能科技有限公司,2000万元人民币,平乡县向阳大街路西泽平路北
潜山恩尔防护用品有限公司,200万元人民币,安徽省安庆市潜山市开发区华瑞路001号
山东罗赛罗德健康产业有限公司,2000万元人民币,山东省德州市宁津县经济开发区
吉安阿尔基劳保用品有限公司,100万元人民币,江西省吉安市新干县城南工业园园区大道19号
鑫顺发新材料科技有限责任公司,5000万元人民币,福建省漳州市长泰县经济开发区兴泰工业园区
山东宅需装饰工程有限公司,1000万元人民币,山东省烟台市福山区永达街580号
胶州市五行众鑫商贸有限公司,1000万元人民币,山东省青岛市胶州市龙州路117号融城·金州小区3号楼商业一层101户
曹县贺迪防护用品有限公司,500万元人民币,山东省菏泽市曹县闽江路与山东路交汇处东100米路北
桐城市徽永纺防护用品有限公司,800万元人民币,安徽省安庆市桐城市经济技术开发区兴隆东路8号
桐城市全优劳保用品厂,,桐城市大关镇青龙村
安徽千泽纺织有限公司,1000万元人民币,安徽省亳州市利辛县经开区青年北路与子胥大道交叉口
高密市慧成防护用品有限公司,100万元人民币,山东省潍坊市高密市密水街道赵戈庄村13号
桐城市隆平塑业有限公司,100万元人民币,桐城市新渡镇伊洛村程祠31号
河北敏敬新材料科技有限公司,1000万元人民币,河北省邯郸市冀南新区马头经济开发区顾地大街1号
广东鸿联进出口贸易有限公司,1000万元人民币,江门市鹤山市沙坪人民东路999号三楼01室(信息申报制)
深圳市昌广成实业有限公司,100万元人民币,深圳市龙岗区吉华街道丽湖社区丽湖花园15栋丽荣阁302
湖南台新贸易有限公司,200万元人民币,湖南省怀化市鹤城区怀东路鹤城工业集中区标准化厂房3栋2楼
佛山市鸿宜化纤织造有限公司,50万元人民币,佛山市顺德区龙江镇华西华南路4号(住所申报)
马鞍山源润卫生材料科技有限公司,1000万元人民币,安徽省马鞍山市当涂县经济开发区科创园
潜山景瑞劳保用品有限责任公司,100万元人民币,安徽省安庆市潜山市源潭镇源潭大道118号
鸿业医疗器械（韶关）有限公司,1000万元人民币,广东省韶关市始兴县顿岗镇石坪村东二组20号
安徽兰盾洁净材料有限公司,5000万元人民币,安徽省安庆市怀宁县工业园月山大道东18号
广东省粤东磁电有限公司,10000万元人民币,汕头市潮阳区广汕公路和平路段
北京泰福恒科技发展有限公司过滤材料分公司,,北京市通州区梨园地区梨园渔场内
佛山市衡龙科技有限公司,800万元人民币,佛山市高明区沧江工业园东园明城镇明二路
安庆市百信服饰有限公司,200万元人民币,安徽省安庆市潜山县综合经济开发区民营经济园
广东联和昌实业有限公司,5000万元人民币,汕头市濠江区玉新街道电子电路工业园区
桐城市云盛防护用品有限公司,80万元人民币,安徽省安庆市桐城市范岗镇范金大道东工业园
绍兴叶鹰纺化有限公司,100万元人民币,浙江省绍兴市越城区启圣路以南(斗门工业小区)
潜山市康华劳保用品有限公司,100万元人民币,安徽省安庆市潜山市梅城镇潘铺工业园区先锋路1号
淄博尚谊医疗用品有限公司,8913万元人民币,山东省淄博市桓台县果里镇姜坊村钢材市场13号
安徽方舟防护用品有限公司,500万元人民币,安徽省安庆市桐城市经济技术开发区双新产业园纬九路16号
湖北亚学医疗器械有限公司,2000万元人民币,荆门市东宝区子陵镇长兴大道9号电路板产业园C8-C10栋
青岛天禄祥塑料制品有限公司,500万元人民币,山东省青岛市市南区徐州路79号517室
江西省铭敬科技有限公司,500万元人民币,江西省九江市永修县云山经济开发区城南工业园
安徽三尔健防护用品有限公司,600万元人民币,安徽省安庆市桐城市文昌街道官桥工业园
惠州市瑞烽劳保有限公司,800万元人民币,惠东县白花镇太阳坳工业城惠州市简欧家具有限公司第二期厂房
河南特冠卫生材料有限公司,200万元人民币,河南省安阳市滑县慈周寨乡35号
安庆市康特卫生材料有限公司,200万元人民币,安徽省安庆市怀宁县高河镇独秀大道北022号
安溪四季森林纳米科技有限公司,100万元人民币,福建省泉州市安溪县凤城镇兴安路646-22、23号店面
天康医疗器械（枣庄）有限公司,100万元人民币,山东省枣庄市峄城区阴平镇金寺村88号
济南市华塑塑料科技有限公司,100万元人民币,山东省济南市莱芜区口镇泉头村南500米
桐城市顺捷防护用品有限公司,50万元人民币,安徽省安庆市桐城市青草镇工业园1#
佰泰融企业管理咨询三河市有限公司,200万元人民币,河北省廊坊市三河市燕郊经济开发区迎宾北路东侧
南通康诺净化科技有限公司,100万元人民币,如皋市城北街道花市北路20号(如皋市科技创业园综合楼102室)
东莞市运和高分子科技有限公司,1000万元人民币,东莞市桥头镇朗厦村华厦一环路5号U2栋二楼
高密市双润防护用品有限公司,50万元人民币,山东省潍坊市高密市夏庄镇夷安大道与祥和街路口东69号
潜山云兴劳保用品有限公司,200万元人民币,安徽省安庆市潜山市源潭镇友爱村王老屋组18号
河南省赛平卫材医疗器械有限公司,500万元人民币,河南省安阳市滑县慈周寨乡四头园区1号
安徽锦彬劳保用品有限公司,500万元人民币,安徽省安庆市怀宁县金拱镇双河村206国道旁
北京市超纶无纺技术公司,500万元人民币,北京市海淀区白石桥路37号226室
安庆麦德动贸易有限公司,50万元人民币,安徽省安庆市怀宁县金拱镇双河村和平组17号
山西卫材环保科技有限公司,1000万元人民币,山西省晋城市泽州县巴公镇巴公三村村东300米处
安徽春宇卫生材料有限公司,500万元人民币,安徽省安庆市怀宁县马庙镇工业园内环北路
河南护航医疗器械有限公司,500万元人民币,河南自贸试验区郑州片区(经开)第八大街160号院附70-71号
安徽赛虎卫生用品有限公司,1000万元人民币,安徽省安庆市怀宁县工业园月山大道东17号1号厂房
马鞍山市鑫程纳米新材料科技有限公司,9200万元人民币,安徽省马鞍山市当涂县经济开发区科技创新园
深圳市凯乐迪医疗器械有限公司,500万元人民币,深圳市南山区南山街道南山社区南新路阳光科创中心二期A座2409
高密市雅致劳保用品有限公司,100万元人民币,山东省潍坊市高密市醴泉街道永安村社区8号营业房
太康县九旺医疗器械有限公司,660万元人民币,河南省周口市太康县毛庄镇产业集聚区三顺卫生用品院内
安徽弘骐卫生用品有限公司,1000万元人民币,安徽省安庆市怀宁县工业园月山大道25号
深圳中纺滤材科技有限公司,2273万元人民币,深圳市南山区西丽大勘王京坑村87号D栋
中山市史滨斯电器科技有限公司,10万元人民币,中山市黄圃镇健智路18号四楼之一
潜山静涵劳保用品有限公司,100万元人民币,安徽省安庆市潜山市经济开发区中合产业园B9-3号
安徽特康医疗用品有限公司,2600万元人民币,涡阳县经济开发区标准化厂房A1栋一层
高密市盛腾劳保用品有限公司,200万元人民币,山东省潍坊市高密市朝阳街道大王庄村18号
仙桃永利医疗用品有限公司,700万元人民币,湖北省仙桃市仙汉路8号
东莞市铭兴口罩有限公司,10万元人民币,广东省东莞市大朗镇康丰路123号1616室
深圳市金鑫康医疗用品有限公司,600万元人民币,深圳市宝安区福海街道新和社区福园一路35号天瑞工业园A7栋301
钟祥市济德医疗器械制造有限公司,500万元人民币,钟祥市南湖原种场三公头路(装备制造产业园)
东莞市爱克斯曼机械有限公司,1000万元人民币,东莞市万江区小享社区建南二路5号
深圳市力维嘉纺织品有限公司,50万元人民币,深圳市龙岗区平湖街道华南国际纺织服装原辅料物流区(一期)T16栋126号
聊城天工健康科技有限公司,5000万元人民币,聊城市东昌府区凤凰工业园纬三路南经四路西
创医（辽宁）科技有限公司,500万元人民币,辽宁省锦州市松山新区黄海大街46-2号楼4楼
中山市锦天无纺布有限公司,500万元人民币,中山市石岐区海景路3号(一楼)
山东回寿堂药业有限公司,5000万元人民币,山东省济南市莱芜区口镇医药产业园6号楼
安庆市宜秀区龙苗劳保用品经营部,,安庆市宜秀区大龙山镇桃园村桃园木业有限公司1栋101门面
安庆市森沐商贸有限公司,500万元人民币,安徽省安庆市迎江区人民路48号电商园3号楼三楼
安徽瑞德斯新材料有限公司,500万元人民币,安徽省安庆市怀宁县马庙镇育儿村育儿大塘组21号
安徽安海民新材料有限公司,500万元人民币,安徽省安庆市怀宁县工业园纬九路月山大道东25号
福建省香江服饰科技有限公司,5000万元人民币,福建省泉州市石狮市灵秀镇外西环路345号(西域威龙工业园)
龙口市润平塑料制品有限公司,200万元人民币,山东省烟台市龙口市新嘉街道天鸿首付北门东侧
潜山黛润劳保用品有限公司,100万元人民币,安徽省安庆市潜山市梅城镇舒苑小区8幢3号
潜山市龙旺刷业有限公司,100万元人民币,安徽省安庆市潜山市源潭镇赵冲村角树组06号
河南省奥康卫生材料有限公司,600万元人民币,滑县慈周寨镇慈一村
河南桐娃娃日用品有限公司,100万元人民币,河南省安阳市滑县高平镇葛村向南500米
瀚马健康科技（德州）有限公司,100万元人民币,山东省德州市宁津县开发区泰山路南首
桐城市惠姿秋防护用品有限公司,200万元人民币,安徽省安庆市桐城市青草镇永庆路110号
安徽达艺卫生用品有限公司,500万元人民币,安徽省安庆市怀宁县高河镇孔雀路三环山庄2幢10号
深圳德姆达医疗用品有限公司,1000万元人民币,深圳市光明区光明街道白花社区创轩工业园厂房A栋101
安庆市新联商贸有限公司,100万元人民币,安徽省安庆市怀宁县高河镇新山社区站前路23号
山东星光防护用品有限公司,500万元人民币,山东省潍坊市高密市高密经济开发区芝兰三村315号营业房
四川南充六合（集团）有限责任公司,4540万元人民币,南充市高坪区都京坝
桐城市得康防护用品有限公司,50万元人民币,安徽省安庆市桐城市青草镇夏星村8号
安徽省济川新材料有限公司,600万元人民币,安徽省安庆市怀宁县金拱镇万胜国际城
深圳智慧者智能科技集团股份有限公司,3000万元人民币,深圳市坪山区坑梓街道沙田社区名人居5号厂房301
安庆市佳尔乐防护用品有限公司,200万元人民币,安徽省安庆市怀宁县高河镇东经二路1号
河北康健防护用品有限公司,1000万元人民币,河北省唐山市遵化市经济开发区龙山工业园
安徽啸阳劳保用品有限公司,500万元人民币,安徽省安庆市怀宁县马庙镇育儿村大塘组5号
安徽益康捷卫生材料有限公司,500万元人民币,安徽省安庆市怀宁县金拱镇金拱工业小区
怀宁县嘉德康卫生用品有限公司,500万元人民币,安徽省安庆市怀宁县马庙镇天工西路
安徽盛天卫生材料有限公司,500万元人民币,安徽省安庆市怀宁县高河镇206国道金谷米业对面
安徽乐胜卫生材料有限公司,500万元人民币,安徽省安庆市怀宁县工业园石牌大道001号
安徽旭冉卫生材料有限公司,500万元人民币,安徽省安庆市怀宁县工业园创新路3号
安徽晟兴防护用品有限公司,500万元人民币,安徽省安庆市怀宁县工业园兴业路9号
安徽锦一卫生材料有限公司,500万元人民币,安徽省安庆市怀宁县高河镇工业园月山大道电子精密仪器专业园11号楼
泉州市赋渝贸易有限公司,100万元人民币,福建省泉州市晋江市罗山街道樟井思源东路139号
安徽昆德家居用品有限公司,500万元人民币,安徽省安庆市潜山市源潭镇棋盘居委会老印刷厂
安庆市美科卫生用品有限公司,100万元人民币,安徽省安庆市怀宁县工业园雄山路18号
江阴金凤特种纺织品有限公司,793.429万元人民币,江阴市华士镇工业园陆华路2号
安徽旺艺卫生材料有限公司,500万元人民币,安徽省安庆市怀宁县高河镇孔雀路鑫鹏小区1栋109号
深圳市美康实业有限公司,100万元人民币,深圳市龙岗区平湖街道上木古社区新河路54号1-2层
安庆市皖盛卫生用品有限公司,300万元人民币,安徽省安庆市怀宁县金拱镇双河村大院组001号
潜山凯创劳保用品有限公司,100万元人民币,安徽省安庆市潜山市源潭镇友爱村新建组1号
安徽安一保卫生用品有限公司,500万元人民币,安徽省安庆市怀宁县月山镇月山居委会206国道旁
宁波东誉无纺布有限公司,200万元人民币,慈溪市掌起镇工业开发区
佛山市维晨科技有限公司,271万元人民币,佛山市南海区桂城街道桂平中路65号鸿晖都市产业新城1幢503房(住所申报)
江西丽源塑业有限公司,500万元人民币,江西省抚州市宜黄县工业园区丰厚工业小区
安徽精石防护用品有限公司,500万元人民币,安徽省安庆市怀宁县工业园创新路8-8号
安徽铭旭卫生材料有限公司,500万元人民币,安徽省安庆市怀宁县工业园石牌大道154号
安徽众民卫生用品有限公司,500万元人民币,安徽省安庆市怀宁县高河镇经一路富强新村36栋
宁国陈燕贸易有限公司,100万元人民币,安徽省宣城市宁国市宁国经济技术开发区港口产业园职工服务中心13幢201
亳州市胜冠纺织有限公司,500万元人民币,安徽省亳州市谯城区观堂镇崔庄行政村靳庄村99号
安徽吕氏防护用品有限公司,500万元人民币,安徽省安庆市桐城市龙腾街道蔡店村
潜山云瑞劳保用品有限公司,100万元人民币,安徽省安庆市潜山市经济开发区迎宾大道88号B9栋-3号
江西清泰正雅医疗科技有限公司,200万元人民币,江西省新余市渝水区下村工业基地130号
安徽亿流管业有限公司,500万元人民币,安徽省六安市舒城县南港镇晴岚大道1号
河南杉帅卫生用品有限公司,500万元人民币,河南省郑州市巩义市产业集聚区香港街1号
深圳市美沃布朗科技有限公司,1000万元人民币,深圳市光明新区公明街道上村社区莲塘工业城铁塔旭发科技园A1栋二楼202
安庆市高洁卫生材料有限公司,300万元人民币,安徽省安庆市怀宁县金拱镇人形河街道070号
潜山县新建刷业有限公司,100万元人民币,安徽省安庆市潜山县源潭镇双峰居委会
新野福达纺织有限公司,50万元人民币,新野县上港乡赵岗村
潜山科明劳保用品有限公司,100万元人民币,安徽省安庆市潜山市开发区中合产业园B5栋-2号
东莞绳通广大包材制品有限公司,100万元人民币,广东省东莞市厚街镇白濠永丰街3号
晋江展思塑料制品商贸有限公司,3000万元人民币,福建省泉州市晋江市梅岭街道双沟社区河滨路209号金叶大厦一楼
河北汇金丰纤维制品有限公司,350万元人民币,河北省保定市雄县七间房乡西大坞四村
深圳湘宸医疗器械有限公司,200万元人民币,深圳市龙华区福城街道福民社区润塘工业区293号302
桐城市和联圣医疗用品科技有限公司,500万元人民币,安徽省安庆市桐城市文昌街道石河村文四路18号
江西锦鑫进出口有限公司,500万元人民币,江西省上饶经济技术开发区龙门路128号1-1
山东德勤医疗卫生用品有限公司,300万元人民币,山东省济宁市梁山县经济开发区公明路216号(洼里段路南)
山东诸龙生物科技有限公司,3000万元人民币,山东省潍坊市诸城市昌城镇工业园北路237号
深圳市兴博诚科技有限公司,100万元人民币,深圳市龙华区大浪街道华兴路龙泉科技园A区宏滔科技楼7楼702
营口忠实实业有限公司,500万元人民币,辽宁省营口大石桥市周家镇车家村
安徽康君宝卫生用品有限公司,600万元人民币,安徽省安庆市怀宁县工业园纬十三路与洪桥路交叉口
宁夏鸿杉商贸有限公司,500万元人民币,银川市经开区金凤工业园中心路北侧11-15号
上饶亿民医药科技有限公司,200万元人民币,江西省上饶市广丰区少阳乡双塘村鲍家源131号
明光市明瑞过滤器材有限公司,2000万元人民币,安徽省明光市苏巷镇工业集中区
泉州市栢禾医疗器械有限公司,100万元人民币,福建省泉州市南安市霞美镇霞美村顺和路1号1幢5楼
东莞市易进电子科技有限公司,500万元人民币,东莞市黄江镇黄牛埔兴盛路13号一幢
安庆市邦群卫生用品有限公司,200万元人民币,安徽省安庆市怀宁县工业园月山大道北3号
深圳市千帆电子商务有限公司,100万元人民币,深圳市龙华新区大浪街道同胜社区同富裕二期龙泉科技园A区宏滔科技楼7楼701
安徽省新环康卫生材料有限公司,500万元人民币,安徽省安庆市怀宁县工业园月山大道电子精密仪器专业园11号楼
陕西省特威诺新材料实业有限公司,500万元人民币,陕西省榆林市靖边县陕西省榆林市靖边县杨桥畔镇中小企业创业园区8号
临泽县新世纪塑业有限责任公司,200万元人民币,张掖市临泽县工业开发区
安徽德琳环保发展（集团）有限公司,6244.5723万元人民币,安徽省安庆市怀宁县工业园创新路9号
安徽省新瑞诺劳保用品有限公司,1080万元人民币,安徽省安庆市怀宁县工业园月山大道东001号
安徽天朋康卫防护用品有限责任公司,1000万元人民币,安徽省池州市池州经济技术开发区电子信息产业园20号厂房
怀宁九伊劳保用品有限公司,100万元人民币,安徽省安庆市怀宁县马庙镇天工东路250号
安徽前锦包装有限公司,840万元人民币,桐城市孔城镇东城工业园经开路
安徽立志卫生用品有限公司,500万元人民币,安徽省安庆市怀宁县马庙镇马庙村马曹路8号
安徽弘旺防护用品有限公司,800万元人民币,安徽省安庆市怀宁县工业园雄山路东003号
桂林新先立抗菌材料有限公司,620万元人民币,临桂区四塘镇瑞宁路7号
湖北健玛医疗科技有限公司,1000万元人民币,湖北省荆州市监利县红城乡章华大道198号
成都善德堂生物科技有限公司,50万元人民币,四川省成都市龙泉驿区龙泉街道龙都北路39号4栋3单元1层4号
辽宁艺盛峰新材料科技股份有限公司,6000万元人民币,辽宁省铁岭市开原市八宝镇河北村
辽宁舒美卫生用品有限公司,3000万元人民币,辽宁省铁岭市开原市黄旗寨镇吕家村
安庆宁星卫生用品有限公司,50万元人民币,安徽省安庆市怀宁县金拱镇工业园七里社区
菏泽金天新材料科技股份有限公司,300万元人民币,菏泽市牡丹区李村镇人民政府西邻
孝义市宏祥塑料制品有限公司,500万元人民币,山西省吕梁孝义市大孝堡乡长兴村
中旺智能装备（吉林省）有限公司,50万元人民币,长春市高新开发区超然街777号厂房
南通康净环保科技有限公司,386万元人民币,如皋市城北街道花市北路20号如皋科技创业园3号楼2层A室
安徽宝星防护用品有限公司,800万元人民币,安徽省安庆市潜山市梅城镇高集村(安徽天星服饰有限公司院内)
山东金泰劳保有限公司,300万元人民币,山东省临沂市河东区凤凰岭街道办事处潘家湖村富德工业园
河南恒山科技有限公司,1068万元人民币,河南省新乡市长垣市起重工业园区华豫大道105号
抚州市东乡区泉朵拉医疗器械用品有限公司,5000万元人民币,江西省抚州市东乡区南英大道与子山路交叉口科技孵化园内B6
长垣市康贝洁卫生材料有限公司,10万元人民币,河南省新乡市长垣市张三寨乡韩村114号
安徽盛润防护用品有限公司,500万元人民币,安徽省安庆市桐城市文昌街道文津路16号
江阴市长吉塑业有限公司,50万元人民币,江阴市徐霞客镇璜塘环东路102号
安徽久之林医疗科技有限公司,2000万元人民币,安徽省安庆市潜山市源潭镇经济开发区68号
山西新达康药业有限公司,1000万元人民币,山西省吕梁市文水县南庄镇南庄村村北
中京科技（吉林省）有限公司,500万元人民币,长春市高新开发区超然街777号
江西益康医疗器械集团有限公司,31800万元人民币,江西省南昌市进贤县李渡爱华大道188号
安徽格尔特防护用品有限公司,500万元人民币,安徽省安庆市怀宁县工业园石牌大道与里仁路交叉口
日照市荣佳新材料科技有限公司,200万元人民币,山东省日照市岚山安东卫潘庄一村
潜山市红旭劳保用品有限公司,500万元人民币,安徽省安庆市潜山市源潭镇建园路1号
盐城瑞泽色母粒有限公司,250万元人民币,盐城市亭湖区新兴镇三灶村
广东康达医疗器械有限公司,500万元人民币,揭阳市榕城区新河晓翠路东一区C幢602号(自主申报)
江西诺尔达贸易有限公司,200万元人民币,江西省吉安市安福县高新区产业园机电大道旁
安徽芯梦家纺有限公司,1000万元人民币,桐城市文昌街道文昌工业园
安庆市未名卫生用品有限公司,600万元人民币,安徽省安庆市怀宁县马庙镇乐胜村陶店组
南昌市兴赣科技实业有限公司,1150万元人民币,江西省南昌市进贤县温圳镇新市场117号附1号
安徽盛兴康防护用品有限公司,500万元人民币,安徽省安庆市怀宁县高河镇谢山村中心组
长兴县旺华无纺布有限公司,500万元人民币,长兴县林城镇工业集中区
安徽爱乐普卫生用品有限公司,500万元人民币,安徽省安庆市怀宁县工业园月山大道东026号
安徽福欣防护用品有限公司,520万元人民币,安徽省安庆市怀宁县高河镇育儿路金瓯商务广场
福建省创新家居用品有限公司,1900万美元,福建省南安市诗山镇社二村仙境项目区
桐城市鸿运汽车租赁有限公司,100万元人民币,桐城市龙眠街道办事处海峰路南侧1#101
滕州市华宝卫生制品有限公司,1000万元人民币,滕州市经济开发区腾飞路809号
安徽洁达卫生用品有限公司,500万元人民币,安徽省安庆市怀宁县工业园独秀大道北15号
山西海亿康科技有限公司,500万元人民币,侯马市合欢街98号
安庆皖南鑫鑫卫生材料有限公司,200万元人民币,安徽省安庆市怀宁县金拱镇兴胜村许马组
高密市彤哲劳保用品有限公司,100万元人民币,山东省潍坊市高密市朝阳街道凤凰大街1818号
潜山惊盛宏劳保用品有限公司,100万元人民币,安徽省安庆市潜山市源潭镇经济开发区双林路15号
青州景发商贸有限公司,100万元人民币,山东省潍坊市青州市黄楼街道东侯庙村南头
安庆亿康卫生用品有限公司,500万元人民币,安徽省安庆市怀宁县工业园独秀大道北15号
安徽民康卫生用品有限公司,500万元人民币,安徽省安庆市怀宁县工业园石牌大道林翔木业6号联合厂房2号
北京量子金舟无纺技术有限公司,1000万元人民币,北京市门头沟区双峪路35号院2号楼1133室
江苏创云环保科技有限公司,1700万元人民币,江苏武进经济开发区锦程路18号
安徽万民康防护用品有限公司,500万元人民币,安徽省安庆市怀宁县马庙镇南山村牌楼组
安徽佑华防护用品有限公司,500万元人民币,安徽省安庆市怀宁县金拱镇永宁大道金拱工业园
琪杰（烟台）生物科技有限公司,300万元人民币,山东省烟台市蓬莱市大辛店镇宋庄村村西
安庆胜康卫生用品有限公司,200万元人民币,安徽省安庆市怀宁县工业园独秀大道北28号
江西清泰医用纺织有限公司,200万元人民币,江西省新余市渝水区下村工业基地130号
安徽嘉乐斯乐净化工程有限公司,4606.74万元人民币,安徽省安庆市怀宁县工业园月山大道东18号
潍坊麦迪克劳保用品有限公司,50万元人民币,山东省潍坊市高密市夏庄镇祥和街158号
揭阳市桂茂棉纺织品有限公司,100万元人民币,揭阳空港经济区砲台镇龙头村大洋鱼场脚北面
广东汇美达医疗用品有限公司,1000万元人民币,揭阳空港经济区凤美办事处张厝工业区
湖北裕强高分子材料有限公司,800万元人民币,仙桃市新城大道北侧
中山润晖机械科技有限公司,400万元人民币,"增设经营场所,具体为:1、中山市西区金昌工业路39号厂区1号厂房第二层之一;2、中山市东升镇东成路142号8卡;"
嘉兴骊风无纺布有限公司,1800万元人民币,嘉兴市规划百公桥路南、万国路东2幢101室
太和县梅峰服饰有限公司,100万元人民币,安徽省阜阳市太和县马集乡马南村李寨6号(申报承诺)
广西金润渤医疗器械有限公司,200万元人民币,南宁市安吉大道43号1号厂房(东盟国际智慧园)1层13、14号。
安徽省洁尔美防护用品有限公司,500万元人民币,安徽省安庆市桐城市青草镇青陶路18号
高密市荣跃达防护用品有限公司,100万元人民币,山东省潍坊市高密市密水街道薛家村66号
威海环硕生物科技有限公司,1000万元人民币,山东省威海市文登区环山办米山路122号
江西东泓科技有限公司,280万元人民币,江西省九江市武宁县武宁工业园区
安徽云康泰包装材料有限公司,500万元人民币,桐城市文昌街道交通村文昌工业园团结北路
陕西科达智特新材料有限公司,500万元人民币,陕西省宝鸡市岐山县蔡家坡镇开发区创业路北侧
天长市旭霖防护用品有限公司,50万元人民币,天长市秦栏镇第二工业园区
安庆绿奥卫生用品有限公司,50万元人民币,安徽省安庆市怀宁县金拱镇人形河街道129号
泉州市华惠家居用品有限公司,2000万元人民币,泉州台商投资区张坂镇玉埕村埕边1588号1#厂房
安庆安明卫生用品有限公司,50万元人民币,安徽省安庆市怀宁县石镜乡石镜居委会查湾组033号
潜山翰发劳保用品有限公司,100万元人民币,安徽省安庆市潜山市开发区东环路191号
山东昊骏国际贸易有限公司,300万元人民币,山东省济宁市嘉祥县大张楼镇中心街56号
安庆吉萌美商贸有限公司,100万元人民币,安徽省安庆市怀宁县清河乡金山村何屋组
安徽优尼客防护用品有限公司,520万元人民币,安徽省安庆市怀宁县工业园月山大道东18号
绍兴聚能新材料科技有限公司,100万元人民币,浙江省绍兴市越城区斗门街道汤公路17号五车间三楼
深圳市舜泽商贸有限公司,100万元人民币,深圳市福田区华强北街道华航社区红荔路3003号上步工业区201栋318P5
青岛冠净环保科技有限公司,300万元人民币,山东省青岛市胶州市胶西街道办事处小行村村西
南平市延平区富得丽服装有限公司,50万元人民币,福建省南平市延平区福兴路23号玉地新村2幢
浙江乾丰汽车零部件有限公司,1080万元人民币,浙江省温州市洞头区北岙街道燕山路497号5楼东面
河南莱文兆铂医疗器械有限公司,3000万元人民币,河南省新乡市长垣市魏庄镇起重工业园区华豫大道东侧.纬二路南侧3号
怀来伊步梵制衣有限公司,100万元人民币,怀来县沙城镇财苑路西侧
高密市金达劳保用品有限公司,50万元人民币,山东省潍坊市高密市经济开发区东牟北村
威海海元电子有限公司,10万元人民币,山东省威海市文登区环山办马山路8-3号
淄博升百万包装有限公司,100万元人民币,山东省淄博市周村区青年路113-19-2号
安庆雄达防护用品有限公司,800万元人民币,安徽省安庆市怀宁县工业园雄山路东003号
天长市仁健医疗用品有限公司,500万元人民币,天长市金集镇头墩村纬二路南侧
安徽成大净化科技有限公司,1100万元人民币,安徽省安庆市桐城市经济技术开发区双新产业园纬九路南经二路西侧
深圳市金协科技有限公司,50万元人民币,深圳市龙华区福城街道桔塘社区观光路1373号金灿达工业园B栋201
上海意东无纺布制造有限公司,250万元人民币,浦东新区浦星公路69号
安徽省宏安防护用品有限公司,1000万元人民币,安徽省安庆市怀宁县高河镇独秀大道方向交易中心大楼二层8列
安徽同众卫生材料科技有限公司,1600万元人民币,安徽省安庆市潜山市经济开发区皖潜大道天柱山科技园B9栋
苏州康思惠纤维科技有限公司,100万元人民币,苏州高新区湘江路1128号
东阿洁净生物科技有限公司,100万元人民币,山东省聊城市东阿县S324与S329交叉口北600米路西(山东环光电力科技有限公司院内106室)
怀宁县鑫丰纸塑包装有限公司,300万元人民币,安徽省安庆市怀宁县工业园兴业路9号
潜山炜业服饰有限公司,100万元人民币,安徽省安庆市潜山县梅城镇八一路188号4幢
遵化市鑫宏工贸有限公司,3000万元人民币,遵化市兴旺寨村东
腾然（宁夏）医疗器械贸易有限公司,500万元人民币,贺兰县金贵镇军民融合产业服务中心孵化园5幢B座4楼
安徽潜兴卫生材料科技有限公司,1600万元人民币,安徽省安庆市潜山市源潭镇工业园区源潭大道9号
河北酷羽防护器材有限公司,300万元人民币,河北省石家庄市元氏县苏阳乡南白娄村南瑞雪路5号(元氏经济开发区槐西区)
河南锐华医疗器械有限公司,600万元人民币,河南省新乡市长垣市魏庄镇大车东村1号
安徽全球通卫生材料有限公司,900万元人民币,安徽省安庆市怀宁县工业园月山大道电子产业园
石狮市龙屿合兴卫生用品有限公司,300万元人民币,福建省泉州市石狮市湖滨街道南环路616号二楼
常熟市立新无纺布织造有限公司,800万元人民币,常熟市支塘镇盛泾村
江西得康防护用品有限公司,800万元人民币,江西省上饶经济技术开发区龙门路松江之光9号楼
泉州市博今卫生材料有限公司,800万港元,福建省南安市水头镇邦吟村
山东鑫吉瑞医疗科技有限公司,300万元人民币,山东省济南市高新区大正路1777号生物医药园中小企业产业化基地5号楼106号厂房
安徽省悦美康众防护用品有限公司,500万元人民币,安徽省安庆市怀宁县高河镇新安路骑龙工业园
安徽省双亿康卫生用品有限公司,500万元人民币,安徽省安庆市怀宁县工业园雄山路稼仙金佳粮三楼B区
安徽新宝洁刷业有限公司,500万元人民币,安徽省安庆市潜山市源潭镇工业园区68号
潍坊舒肤康新材料科技有限公司,28000万元人民币,山东省潍坊市寿光市羊口镇北海路北盐都路西
天长市东霖电子有限公司,50万元人民币,天长市秦栏镇金庄小区
中山市鑫威织造有限公司,150万元人民币,中山市三乡镇平南工业区金宏路30号之二区2楼
山东到位网络科技有限公司,3000万元人民币,山东省临沂市兰山区临西十路北段砚台岭小区沿街39号楼
安徽芭蕾劳保用品有限公司,500万元人民币,安徽省安庆市怀宁县马庙镇马庙工业园
山东博海净化材料有限公司,500万元人民币,山东省临沂市高新区罗西街道东石埠工业园
太康县恒宝医疗器械有限公司,500万元人民币,河南省周口市太康县毛庄镇太康县产业集聚区阳夏路与纬二路交汇
安徽省小二防护用品有限公司,500万元人民币,安徽省安庆市怀宁县工业园月山大道电子精密专业园A#楼
安徽安瑞华防护用品有限公司,500万元人民币,安徽省安庆市怀宁县金拱镇金拱工业园跃明塑料厂内
安徽省华益康防护用品有限公司,500万元人民币,安徽省安庆市怀宁县工业园雄山路稼仙集团三楼
山东亚昌防护用品有限公司,500万元人民币,山东省潍坊市高密市朝阳街道月潭路1300号
吉林德坤商贸有限公司,1000万元人民币,松原市宁江区雅达虹工业集中区
安徽可依防护用品有限公司,500万元人民币,安徽省安庆市潜山市余井镇工业园区10号
南昌市赣江新型材料隔板厂,30万元人民币,江西省南昌市青山湖区罗家镇濡溪村工业小区
河南创匠医疗器械有限公司,1000万元人民币,河南省商丘市虞城县城郊乡伊尹大道与工业大道交叉口东北角三人行院内08号
河南东子卫生材料有限公司,500万元人民币,河南省安阳市滑县慈周寨乡东连屯1号
深圳市明智达电力设备有限公司,100万元人民币,深圳市宝安区松岗街道红星社区湾头南区三巷4号203
桐城市惠锋卫生材料有限公司,200万元人民币,安徽省安庆市桐城市青草镇青潜路43号
江西鲍斯高服饰有限公司,3000万元人民币,江西省抚州市东乡区经济开发区科技孵化园片区
太康县三顺卫生用品有限公司,13000万元人民币,太康县产业集聚区(阳夏路与纬一路交叉口)
肇庆浚淇医疗器械有限公司,100万元人民币,肇庆市端州八路过境公路北侧肇庆曼克隆新合纤公司内复合超细长丝车间二楼第三卡
安徽韵德防护用品有限公司,1800万元人民币,安徽省安庆市怀宁县高河镇万兴村猖岭组03号
高密市鲁源机械厂,,高密市醴泉街道北栾家庄1路5号
天长市锦昌防护用品有限公司,50万元人民币,天长市仁和集镇仁和社区陈庄队
泸州市比利恩医疗器械有限公司,1000万元人民币,四川省泸州市泸县玉蟾街道康乐大道220号3栋
桐城市金鹰制刷厂,,桐城市范岗镇挂车河大道
江西国滤新材料有限公司,500万元人民币,江西省九江市九江经济技术开发区汽车工业园顺意路电子产业园10号厂房东侧
深圳市活力健康管理有限公司,50万元人民币,深圳市龙岗区横岗街道志盛社区茂盛路1号志健时代广场4A001
山东隆泰医疗科技有限公司,1000万元人民币,山东省烟台市招远市盛泰路99号
威海合益电子科技有限公司,1000万元人民币,山东省威海市文登区环山办马山路8-3号
安庆雨春防护用品有限公司,1000万元人民币,安徽省安庆市怀宁县工业园雄山路3号
永兴荣德纺织科技有限公司,5000万元人民币,湖南省郴州市永兴县便江镇山冲村(新材料新能源产业园1号)
揭西县明胜达医疗用品有限公司,50万元人民币,广东省揭西县棉湖镇岭南社区新越工业园第三排B栋(棉湖区域)
潜山市棋人防护用品有限公司,900万元人民币,安徽省安庆市潜山市源潭镇双林工业园10号
安庆馨康防护用品有限公司,200万元人民币,安徽省安庆市怀宁县工业园独秀大道015号
安徽优客来劳保用品有限公司,1000万元人民币,安徽省安庆市潜山市经济开发区皖水南路1幢
山东芳华医疗器械有限公司,300万元人民币,山东省潍坊市昌邑市卜庄镇白衣庙村东88米
尉氏县佳瑞商贸有限公司,100万元人民币,河南省开封市尉氏县小陈乡小陈村三组
安庆市惠尔健防护用品有限公司,188万元人民币,安徽省安庆市怀宁县工业园雄山路稼仙集团2楼
天长市永康科技有限公司,1008万元人民币,安徽省天长市永丰街道工业园
江门火神鸟药业科技有限公司,1000万元人民币,江门市新会区大泽镇五和村委会双飞山(土名)
云南三恩汽车新材料有限公司,2000万元人民币,云南省楚雄开发区苍岭云甸工业片区云发路1号
河南康顺医疗器械有限公司,500万元人民币,河南省安阳市滑县焦虎乡焦虎村东800米路北
安徽佳欣劳保用品有限公司,1000万元人民币,安徽省安庆市怀宁县马庙镇天工东路60号
安庆市美得美防护用品有限公司,100万元人民币,安徽省安庆市怀宁县高河镇高河大道天美汽贸厂区内
安徽洁杰劳保用品有限公司,800万元人民币,安徽省安庆市潜山市经济开发区八一大道0168号B16、17幢
临沂映山红国际贸易有限公司,527万元人民币,山东省临沂市综合保税区沂河三路2号楼三层B单元1211-015
安徽融晟商贸有限公司,500万元人民币,安徽省安庆市大观区大观亭小区一期12#楼底层5号
湖北新坚实机械科技有限公司,368万元人民币,石首市经济开发区金平工业园区粟田大道
桐乡守敬应用技术研究院有限公司,350万元人民币,桐乡市梧桐街道发展大道1488号1幢8楼
东莞市润成新材料有限公司,100万元人民币,广东省东莞市厚街镇华伟路10号108室
安徽东至双江纺织有限公司,4000万元人民币,东至县东流镇长江路186号
安庆源鑫塑业有限公司,100万元人民币,安徽省安庆市怀宁县工业园月山大道469号
安徽合茂卫生用品有限公司,667万元人民币,安徽省安庆市潜山市源潭镇经济开发区刷业大市场1-4号
马鞍山源润卫生材料科技有限公司潜山分公司,,安徽省安庆市潜山市源潭镇工业园区建园路42号
潜山市明泰防护用品有限公司,200万元人民币,安徽省安庆市潜山市经济开发区东环路166号
安庆市好洁成防护用品有限公司,100万元人民币,安徽省安庆市怀宁县金拱镇七里工业聚集区
石家庄欣欣向荣网络科技有限公司,10万元人民币,河北省石家庄市鹿泉经济开发区申后新村东侧50米路南停车场院内03室
安徽鑫汇通防护用品有限公司,500万元人民币,安徽省安庆市桐城市新渡镇双墩村11号
安庆市科博贸易有限公司,200万元人民币,安徽省安庆市怀宁县工业园石牌大道东008号
晋江市嘉宝印花有限公司,400万元人民币,福建省泉州市晋江市龙湖镇晋江市经济开发区(时尚服饰织造园)
河南慕华防护用品有限公司,200万元人民币,长垣县张三寨镇草坡村
冠和（北流）玩具有限公司,1000万港元,北流市甘村皮件工业集中区4号
安庆市安之源医疗器械有限公司,500万元人民币,安徽省安庆市怀宁县工业园兴业路
安徽恒雅医疗科技有限公司,500万元人民币,安徽省安庆市潜山市梅城镇皖潜大道003号
广州中樱汽车零部件有限公司,5006万元人民币,广州市黄埔区南岗鸭宝窿工业区
安徽一桐防护用品有限公司,880万元人民币,安徽省安庆市桐城市新渡镇新安南路168号
安徽康美卫生用品有限公司,500万元人民币,安徽省安庆市怀宁县马庙镇合一社区东风组
上饶市广丰区静静经营部,20万元人民币,上饶市广丰区洋口镇芦洋产业园B区
安徽沃得康防护用品有限公司,500万元人民币,安徽省安庆市怀宁县马庙镇天工东路064号
安庆市基朝防护用品有限公司,500万元人民币,安徽省安庆市潜山市源潭镇双峰居委会雷榜组5号
安徽振凯兴医疗科技有限公司,500万元人民币,安徽省安庆市怀宁县金拱镇206国道金拱工业园
佛山市雅迪制衣有限公司,50万元人民币,佛山市禅城区张槎一路古灶瓷厂内四幢第1-2层
安徽绿保劳保用品有限公司,500万元人民币,安徽省安庆市怀宁县马庙镇汪洋村
安徽洁净康劳保用品有限公司,500万元人民币,安徽省安庆市怀宁县工业园月山大道7号
安徽宝利洁防护用品有限公司,816.8万元人民币,安徽省安庆市桐城市新渡镇凤凰村少岭布点西侧2号
安徽吉腾卫生用品有限公司,500万元人民币,安徽省安庆市潜山市源潭镇长宁工业园区106号
鸿业医疗器械（深圳）有限公司,500万元人民币,深圳市南山区粤海街道滨海社区高新南十道81、83、85号深圳市软件产业基地1栋C1901A5-65
广西长港化工有限责任公司,200万元人民币,贵港市港北区狮岭路594号裕晟产业园19幢厂房05号西边
江西省润邦农业开发集团有限公司,26000万元人民币,江西省抚州市东乡区杨桥殿镇宋塘村148号
滑县超康医疗器械有限公司,100万元人民币,河南省安阳市滑县焦虎乡双沟西街村217号
安徽英林劳保用品有限公司,500万元人民币,安徽省安庆市怀宁县马庙镇工业集聚区
潜山市万萍防护用品有限公司,500万元人民币,安徽省安庆市潜山市经济开发区八一路0012号
邯郸市莲山服饰有限公司贺祥分公司,,河北省邯郸市魏县沙口集乡贺祥社区创业大街A22号
宝鸡市顺发物资回收有限公司,1200万元人民币,陕西省宝鸡市陈仓区千渭大众村南(陈仓大道北)
肇庆市金鸿基科技有限公司,100万元人民币,肇庆高新区工业大街21号登骏数码城有限公司厂房1#A1-02自编001室
青岛创星科科技有限公司,100万元人民币,山东省青岛市城阳区流亭街道长城南路6号首创空港国际中心2号楼627室
怀宁县海阔商贸有限公司,148万元人民币,安徽省安庆市怀宁县平山镇猫山街道
湖北凯达医疗用品有限公司,8000万元人民币,天门市经济开发区天仙路8号
东莞建志五金制品有限公司,500万元人民币,东莞市东城街道柏洲边松岭街18号
安徽益百康塑业有限公司,800万元人民币,安徽省安庆市怀宁县工业园黄龙路6号
镇江市佳和电源材料有限公司,300万元人民币,扬中经济开发区园博大道(江苏荣胜长江塑业有限公司内))
安徽至拓劳保用品有限公司,500万元人民币,安徽省安庆市怀宁县高河镇工业小区
莆田市爱尚千寻珠宝贸易有限公司,100万元人民币,福建省莆田市秀屿区笏石镇篁山村店头112号
安徽源澈过滤设备有限公司,500万元人民币,天长市经济开发区经六路与纬二路交口处
创酷新材料科技（深圳）有限公司,300万元人民币,深圳市南山区西丽街道曙光社区茶光路1044号波顿科技园二期B701-03室
安徽元品正防护用品有限公司,500万元人民币,安徽省安庆市潜山市经济开发区天柱山科技园B4-4
安徽益诚卫生材料有限公司,500万元人民币,安徽省安庆市怀宁县高河镇红旗村藕塘组005号
安徽祥昇纸塑有限公司,525万元人民币,安徽省安庆市怀宁县马庙镇严岭村
安徽中鹏防护用品有限公司,500万元人民币,安徽省安庆市怀宁县工业园兴业路11号
安徽兴宝卫生用品有限公司,500万元人民币,安徽省安庆市怀宁县工业园洪铺路12号
安徽省朝鑫防护用品有限公司,500万元人民币,安徽省安庆市怀宁县工业园雄山路6号
安庆市优民卫生用品有限公司,200万元人民币,安徽省安庆市怀宁县工业园独秀大道6号
安庆致优卫生材料有限公司,300万元人民币,安徽省安庆市怀宁县工业园月山大道1号
焦作腾润医疗器械有限公司,1280万元人民币,河南省焦作市孟州市谷旦镇谷黄路南6号
安徽中睿卫生材料有限公司,500万元人民币,安徽省安庆市怀宁县高河镇永宁大道金瓯商务广场三楼
安徽省泷康卫生材料有限公司,500万元人民币,安徽省安庆市怀宁县工业园三桥路6号
安徽宝利通卫生材料科技有限公司,500万元人民币,安徽省安庆市潜山市源潭镇建园路1号
安徽四海通达防护用品有限公司,500万元人民币,安徽省安庆市怀宁县工业园稼先北路6号
安徽省新兴纸业有限责任公司,500万元人民币,安徽省安庆市怀宁县马庙镇马庙街道
安徽金健医疗科技有限公司,1080万元人民币,安徽省安庆市潜山市源潭镇源岳路88号
上海彩艳实业有限公司,3000万元人民币,上海市金山区枫泾镇王圩西路11号2幢
安徽贝洁医疗科技有限公司,500万元人民币,安徽省安庆市怀宁县高河镇查湾村查湾组村部旁
山东辰宇新媒体传播有限公司,500万元人民币,山东省济宁市嘉祥县兖兰中街140号1号楼4单元102室
中山市康能劳保用品厂,5万元人民币,中山市黄圃镇横档村振兴路46号首层
哈尔滨启蕴医疗科技有限公司,2000万元人民币,哈尔滨经开区哈平路集中区烟台一路8号1栋
黑龙江利民药业有限公司,5000万元人民币,勃利县小五站镇308省道北2公里处
安徽戴力康卫生用品有限公司,500万元人民币,安徽省安庆市怀宁县金拱镇206国道中州家具城5楼
东港市长山镇尚亿服装辅料厂,,辽宁省丹东市东港市长山镇七股顶村王家大沟组
九江欧置实业有限公司,14万美元,江西省九江市浔阳区西二路开发区
安徽娅茜防护用品有限公司,500万元人民币,安徽省安庆市怀宁县马庙镇天工东路250号
安徽安立康卫生材料有限公司,500万元人民币,安徽省安庆市怀宁县工业园石牌大道与里仁路交叉口
潜山市峰凤劳保用品有限公司,500万元人民币,安徽省安庆市潜山市源潭镇循环经济产业园3号
东莞市雨声包装制品有限公司,100万元人民币,广东省东莞市常平镇桥梓桥南路11号101室
深圳市合信精通科技有限公司,200万元人民币,深圳市宝安区福海街道新和社区欧联路鑫银海电子有限公司厂房A3层
安徽稼轩劳保用品有限公司,500万元人民币,安徽省安庆市怀宁县高河镇工业小区
安徽戴立健卫生用品有限公司,500万元人民币,安徽省安庆市怀宁县工业园雄山路28号
天长市利迪扬冠防护用品厂,,天长市铜城镇铜北村罗庄组路边
安徽福瑞诺医疗科技有限公司,2000万元人民币,安徽省安庆市潜山市经济开发区东环路166号
深圳市普昇实业发展有限公司,1200万元人民币,深圳市龙华区龙华街道龙园社区梅苑新村龙珠楼1、2号一单元301
桐城市创银无纺布制品有限公司,500万元人民币,安徽省桐城市新渡镇童庄居委会西环路
日照恒聚塑胶制品有限公司,100万元人民币,山东省日照市莒县刘官庄镇水沟崖村
安徽天麦医疗器械有限公司,1000万元人民币,安徽省安庆市潜山市黄铺镇黄铺村永红组16-1号
泉州市沛辉贸易有限公司,100万元人民币,福建省泉州市晋江市内坑镇古山村东大路91号
山东家卫防护用品有限公司,1000万元人民币,临沂市郯城县郯城县庙山镇大埠一村6号。
安徽新弘泰防护用品有限公司,1000万元人民币,安徽省安庆市怀宁县工业园陶亭路19号
山东美同医药科技有限公司,1000万元人民币,山东省聊城市茌平区振兴街道茌大道(吴官屯工业园内)
正非科技（成都）有限责任公司,611万元人民币,四川省成都市天府新区兴隆街道场镇社区正街57号1幢2单元8号
潜山金鸿卫生材料科技有限公司,200万元人民币,安徽省安庆市潜山市开发区东环路166号
潜山市京宜达劳保用品有限公司,100万元人民币,安徽省安庆市潜山市经济开发区八一大道天柱山科技园B11-1
河南鑫顺卫生材料有限公司,100万元人民币,河南省安阳市滑县高平镇苗西工业园区4号
杭州凯源过滤器材有限公司,1000万元人民币,浙江省杭州市富阳区东洲街道工业功能区五号路21号
蚌埠凯卫环保科技有限公司,500万元人民币,蚌埠市国际汽车城3区4栋33号
深圳市八方日用防护用品有限公司,300万元人民币,深圳市龙岗区龙岗街道南联社区爱南路227号东进1号文化创意园301
潜山市五佳劳保用品有限公司,50万元人民币,安徽省安庆市潜山市梅城镇潘铺工业园区风情大道8号
安徽万斯科防护用品有限公司,1000万元人民币,安徽省安庆市怀宁县工业园稼先北路6号
怀宁永昌恒服饰有限公司,1000万元人民币,安徽省安庆市怀宁县高河镇宝泰工业园独秀大道北004号
江苏神舟车业集团有限公司,4000万元人民币,金湖县健康西路129号
潜山市康利鑫卫生材料有限公司,200万元人民币,安徽省安庆市潜山市源潭镇东红村工业园区大兴1号
安庆市宜家劳保用品有限公司,180万元人民币,安徽省安庆市怀宁县平山镇猫山村猫山街道108号
长垣市胜业纺织品有限公司,50万元人民币,河南省新乡市长垣市芦岗乡滑店村44号
潜山市七颗星防护用品有限公司,100万元人民币,安徽省安庆市潜山市源潭镇长和居委会石塥组10号
江西汇金商贸有限公司,200万元人民币,南昌市新建区长堎镇长麦南路58号(长麦大街.幸福里)7栋1单元1003室
临沂健尔康防护用品有限公司,200万元人民币,山东省临沂市沂南县青驼镇大冯家楼子村
保定铭越内饰材料制造有限公司,300万元人民币,河北省保定市清苑区白团乡东壁阳城村
安徽源潭铭刷业有限公司,500万元人民币,安徽省安庆市潜山市源潭镇赵冲村角树组20号
晋江市大耀智能设备有限公司,100万元人民币,福建省泉州市晋江市龙湖镇锡坑村南区31号
临沂卫尔康防护用品有限公司,200万元人民币,山东省临沂市沂南县青驼镇大冯家楼子村
郑州百平医疗器械有限责任公司,8000万元人民币,河南省郑州市登封市嵩阳街道南环二路与嵩山路交叉口东北角
青岛美家防护用品有限公司,100万元人民币,山东省青岛市胶州市胶西街道办事处宋家小庄村69号
潜山市江明劳保用品有限公司,200万元人民币,安徽省安庆市潜山市源潭镇新城开发区6号
临泉县俊辉防护用品有限公司,1000万元人民币,安徽省阜阳市临泉县老集镇老集村委会老集村(临泉县商都有限公司老集分公司)西100米路南
潜山流金劳保用品有限公司,120万元人民币,安徽省安庆市潜山市开发区南环路0022号
东莞市赛瑞多科技有限公司,50万元人民币,广东省东莞市横沥镇西香路5号2号楼302房
深圳市大江光电有限公司,50万元人民币,深圳市坪山区坑梓街道梓横西路49号创兆产业园D栋801
怀宁康来源卫生用品有限公司,200万元人民币,安徽省安庆市怀宁县工业园雄山路东28号
怀宁县名坤劳保用品有限公司,200万元人民币,安徽省安庆市怀宁县工业园陶亭路11号
济南美满服饰帽业有限公司,30万元人民币,山东省济南市章丘区刁镇盲东村村北
东莞市南洋辉煌无纺科技有限公司,100万元人民币,广东省东莞市茶山镇茶山金山路41号101室
滑县优康医疗器械有限公司,60万元人民币,河南省安阳市滑县焦虎镇桑科营后街村口向北268米
安庆市望族服饰有限公司,50万元人民币,安徽省安庆市大观区海口工业园
高密市众康安防科技有限公司,100万元人民币,山东省潍坊市高密市密水街道清华社区密水大街与西湖路路口南侧
安徽天目卫生材料有限公司,600万元人民币,安徽省安庆市怀宁县金拱镇兴胜村邹冲组21号
安徽韵康卫生材料有限公司,500万元人民币,安徽省安庆市潜山市开发区中合产业园C12栋
安徽通达九洲劳保用品有限公司,500万元人民币,安徽省安庆市怀宁县工业园雄山西路9号
安徽绍峰卫生用品有限公司,500万元人民币,安徽省安庆市怀宁县茶岭镇泉合村新建组006号
安徽鑫达康卫生材料有限公司,500万元人民币,安徽省安庆市怀宁县工业园月山大道16号
安徽龙华永盛卫生材料有限公司,500万元人民币,安徽省安庆市怀宁县工业园月山大道8号
深圳市正中生态家智能家居有限公司,3万元人民币,深圳市龙岗区龙岗街道龙河路榭丽花园3期2座1307
安徽千鑫通讯科技有限公司东莞长安分公司,,广东省东莞市长安镇上沙中南中路84号1号楼202室
安徽康达雅防护用品有限公司,500万元人民币,安徽省安庆市怀宁县工业园独秀大道与雄山路交口处7号
安徽雅洁康防护用品有限公司,500万元人民币,安徽省安庆市怀宁县高河镇育儿路金瓯商务广场3楼304-337
安徽康荣防护用品有限公司,560万元人民币,安徽省安庆市怀宁县工业园洪铺路7号
青州市阿富商贸有限公司,60万元人民币,山东省潍坊市青州市益都东路(309国道)泓德物流园7-141
安庆市旭昇劳保用品有限公司,50万元人民币,安徽省安庆市怀宁县高河镇万兴村西庙组033号
安徽健安喜医疗器械有限公司,600万元人民币,安徽省阜阳市太和县城关镇胜利路与宏业路交叉口6号
高密市英信精华劳保用品有限公司,30万元人民币,山东省潍坊市高密市密水街道战鼓湾路(老保险柜厂内)857号
安徽皖之宜友卫生材料有限公司,500万元人民币,安徽省安庆市怀宁县西湖村立新组007号
肇庆市康泰医疗器械科技有限公司,100万元人民币,四会市城中街道高狮三棵榕(2号厂房)之四
六安市德尔瑞羽绒有限公司,200万元人民币,六安市裕安区固镇镇工业园区(六安市祥瑞羽绒有限公司内)
安徽鑫盛康卫生材料有限公司,580万元人民币,安徽省安庆市怀宁县工业园黄龙路5号
高密恒信鞋业有限公司,100万元人民币,山东省潍坊市高密市密水街道康成大街西首路北3988号
营口忠实实业有限公司大石桥市分公司,,辽宁省营口大石桥市西外环路86号
安徽天元电缆有限公司,21800万元人民币,安徽省安庆市潜山市经济开发区八一路0018号
安庆市康之源防护用品有限公司,60万元人民币,安徽省安庆市怀宁县高河镇新安路月亮湾5号楼101-104铺
安徽宜卫康防护用品有限公司,500万元人民币,安徽省安庆市怀宁县高河镇育儿路祥和家园二期4栋133-135铺
肇庆风华国际贸易有限公司,1000万元人民币,肇庆市端州区叠翠路安逸雅苑二楼202写字楼213室
安徽绿健防护用品有限公司,500万元人民币,安徽省安庆市怀宁县金拱镇兴胜村曹庄组
深圳宝矿科技有限公司,666万元人民币,深圳市宝安区新桥街道沙企社区蚝乡路中心名座B栋中心名座302
安徽省西尔德医疗科技有限公司,500万元人民币,安徽省安庆市望江县经济开发区望江大道530号(兴业汽车修理公司3楼)
怀宁吉利来精密机械科技有限公司,500万元人民币,安徽省安庆市怀宁县工业园电子精密机械产业园
安徽省金诚达防护用品有限公司,500万元人民币,安徽省安庆市怀宁县金拱工业园
安远诚商合投医疗器械有限公司,5000万元人民币,江西省赣州市安远县欣山镇城北电子信息产业园
潜山市瑞徽防护用品有限公司,50万元人民币,安徽省安庆市潜山市经济开发区中合产业园C13栋3单元2层
深圳市敏航智能科技有限公司,5000万元人民币,深圳市光明区光明街道翠湖社区光明大街150号伟创业大厦402
安徽林风卫生材料有限公司,500万元人民币,安徽省安庆市怀宁县工业园月山大道电子精密仪器专业园11号楼
山东奥康莱防护用品有限公司,600万元人民币,山东省潍坊市高密市密水街道平安大道南杨戈庄村1678号
安徽梦豪卫生用品有限公司,500万元人民币,安徽省安庆市怀宁县高河镇独秀大道73号
安徽陆佳劳保用品有限公司,500万元人民币,安徽省安庆市怀宁县工业园陶亭路17号
山东环康卫生用品有限公司,300万元人民币,聊城市东昌府区柳园办事处后菜市街闸口科技广场北步行街D2-37号
太和县祥芝堂药材有限公司,600万元人民币,太和县赵集乡赵集村大王庄自然村对面太利路路南
广东立明生物科技有限公司,1000万元人民币,鹤山市共和镇共盈路7号之一
安庆市宝泰元卫生用品有限公司,500万元人民币,安徽省安庆市怀宁县工业园月山大道北002号
安徽远方防护用品有限公司,3000万元人民币,安徽省安庆市桐城市经济技术开发区同祥路12号
安徽省鑫诚卫生用品有限公司,588万元人民币,安徽省安庆市潜山市源潭镇源庆路200号源潭镇农民工创业园18号
阳谷夏工精锻有限公司,5000万元人民币,阳谷县侨润办事处东焦海村
安徽省诺尔防护用品有限公司,500万元人民币,安徽省安庆市怀宁县工业园石牌大道与里仁路交叉口
安徽兰洁防护科技有限公司,500万元人民币,安徽省安庆市岳西县莲云乡腾云村珠屋路7号(县经济开发区)
安徽秀峰浩源文化发展有限公司,500万元人民币,安徽省安庆市潜山市源潭镇源潭大道118号1幢1-4层1幢2室
河南弗雷斯医疗器械有限公司,500万元人民币,河南省安阳市滑县慈周寨镇后屯村向东500米
安庆泽康卫生用品有限公司,500万元人民币,安徽省安庆市怀宁县马庙镇马洪路185号
深圳市美美达酒店用品有限公司,500万元人民币,深圳市龙岗区横岗街道力嘉路107号2栋3楼B
怀宁日日鑫纸塑有限公司,1000万元人民币,安徽省安庆市怀宁县高河镇工业小区
郑州凯英医疗器械有限公司,1000万元人民币,河南省郑州市高新技术产业开发区科学大道53号中原广告产业园7号楼2层236
安徽双腾防护用品有限公司,1000万元人民币,安徽省安庆市怀宁县金拱镇工业小区
安庆市鼎诚卫生用品有限公司,200万元人民币,安徽省安庆市怀宁县高河镇皖西南小商品批发市场A1-39
广西德福特科技有限公司,500万元人民币,来宾市凤翔路48号河南工业园标准厂房一期C1—3、C1—7
安徽星际生物科技有限公司,2000万元人民币,界首市东城高新技术开发区689号
潜山市融创非织造材料有限公司,2000万元人民币,安徽省安庆市潜山市经济开发区南外环八一路18号
安庆市康美馨卫生用品有限公司,200万元人民币,安徽省安庆市怀宁县工业园月山大道东7号
怀宁县木森卫生材料有限公司,500万元人民币,安徽省安庆市怀宁县马庙镇天工西路189号
安徽佳佳康卫生用品有限公司,500万元人民币,安徽省安庆市怀宁县高河镇育儿路188号
桐城市顺天贸易有限公司,168万元人民币,桐城市新渡镇凤凰村(合安路西侧)
安徽里仁劳保用品有限公司,500万元人民币,安徽省安庆市怀宁县工业园里仁西路168号
安徽清怡防护用品有限公司,500万元人民币,安徽省安庆市怀宁县工业园创新路9号
湖北伟杰塑业科技有限公司,1000万元人民币,仙桃市郭河工业园区
安徽康普雷卫生材料有限公司,1000万元人民币,安徽省安庆市潜山市源潭镇建园路3号
安徽伊琳服饰有限公司,580万元人民币,安徽省安庆市怀宁县工业园
安徽若比邻制刷有限公司,500万元人民币,安徽省安庆市潜山市源潭镇永济工业园1-6号
安徽洁好防护科技有限公司,500万元人民币,安徽省安庆市岳西县莲云乡腾云村珠屋路7号(县经济开发区)
潜山市瑞诚商贸有限公司,500万元人民币,安徽省安庆市潜山市梅城镇天柱山路147号
安徽优杏康医疗科技有限公司,500万元人民币,安徽省安庆市潜山市源潭镇东红村大兴组3号
安徽鑫金诚劳保用品有限公司,500万元人民币,安徽省安庆市怀宁县高河镇三桥路1号
安庆市常乐康防护用品有限公司,500万元人民币,安徽省安庆市怀宁县高河镇高河大道109号
深圳市铭玥能源科技有限公司,1000万元人民币,深圳市福田区华强北街道燕南路2号豪宫大厦(6K美然厂房3栋)605
天长市赛芙特防护用品有限公司,200万元人民币,天长市杨村镇工业园区
安庆尚平卫生用品有限公司,100万元人民币,安徽省安庆市怀宁县工业园月山大道旁电子精密仪器专业园
安徽科能包装有限公司,880万元人民币,桐城双新经济开发区纬九路与经一路交叉口
东莞启善印刷有限公司,300万元人民币,广东省东莞市东城街道联益工业园一街2号1栋401室
安徽成韵防护用品有限公司,500万元人民币,安徽省安庆市怀宁县高河镇经一路成韵府7#-01
桐城市金鹰塑业有限公司,1288万元人民币,安徽省桐城市金神镇金神街
安徽金盛环保包装科技有限公司,2000万元人民币,安徽省安庆市怀宁县工业园月山大道电子精密机械专业园
安庆市杰尔美卫生用品有限公司,200万元人民币,安徽省安庆市怀宁县工业园月山大道东21号
广东荣昇健康科技有限公司,1000万元人民币,汕头市潮阳区海门镇笔架山库区01号厂房
安徽三益佳医疗科技有限公司,1000万元人民币,安徽省安庆市潜山市经济开发区嘉宜纺织园G-3
安庆市欧盾防护用品有限公司,100万元人民币,安徽省安庆市怀宁县高河镇黄梅路金塘小区14栋7-8号
安庆市三环朝辉纸塑有限公司,200万元人民币,安徽省安庆市怀宁县工业园独秀大道北9号
怀宁福慧康卫生材料有限公司,200万元人民币,安徽省安庆市怀宁县马庙镇育儿村双井红星组8号
怀宁丰盛达卫生材料有限公司,200万元人民币,安徽省安庆市怀宁县高河镇经一路富强新村36栋门面房
河北圣邈科技有限公司,300万元人民币,河北省沧州市肃宁县东洲东路北侧
潜山市沁园包装有限公司,300万元人民币,安徽省安庆市潜山市槎水镇龙关村工业园
广东卫霸医疗科技有限公司,1000万元人民币,广东省东莞市高埗镇江城东路31号
潜山兴创服饰有限公司,50万元人民币,安徽省安庆市潜山市余井镇余井村上街组
高密市旭丽劳保用品有限公司,10万元人民币,山东省潍坊市高密市井沟镇呼家庄社区安家屯村56号
河南耀康卫生材料有限公司,100万元人民币,河南省安阳市滑县瓦岗寨乡瓦岗寨村工业园区8号
怀宁益康健卫生用品有限公司,200万元人民币,安徽省安庆市怀宁县秀山乡栏坝社区
安徽康怡医疗科技有限公司,8000万元人民币,安徽省安庆市怀宁县工业园石牌大道与创新交叉口
青岛宏圣居家具有限公司,100万元人民币,山东省青岛市城阳区驯虎山路333号
泉州市康洁医疗用品有限公司,1000万元人民币,福建省泉州市南安市洪濑镇西林村85号
安徽尚益卫生材料有限公司,500万元人民币,安徽省安庆市怀宁县工业园月山大道电子精密机械产业园
安徽省众志诚新材料有限公司,500万元人民币,安徽省安庆市怀宁县高河镇查湾村海子纪念园后面10米
深圳市优诺医养产业有限公司,1000万元人民币,深圳市龙岗区南湾街道下李朗社区平吉大道9号华熠大厦A区1401
天长市江美防护用品有限公司,100万元人民币,天长市冶山镇工业园区
桐城市长生劳保用品有限公司,88万元人民币,安徽省安庆市桐城市金神镇香铺村
怀宁县嘟嘟防护用品有限公司,700万元人民币,安徽省安庆市怀宁县高河镇育儿路177号
安庆市永禾卫生材料有限公司,100万元人民币,安徽省安庆市怀宁县工业园陶亭路17号
安徽祥虎卫生用品有限公司,508万元人民币,安徽省安庆市潜山市开发区丹霞路15号
安徽昊图新材料有限公司,1000万元人民币,安徽省宣城市宣州区寒亭镇寒亭工业园区
枞阳县予鑫服饰有限公司,100万元人民币,枞阳县枞阳镇开发区(新楼工业园)
安徽陶尚防护用品有限公司,501万元人民币,安徽省安庆市桐城市青草镇陶驿村张庄组
安徽长中清洁科技有限公司,1679万元人民币,安徽省潜山市源潭镇经济园区双林路021号
安徽金顺塑业有限公司,1688万元人民币,安徽省安庆市怀宁县工业园区独秀大道北30号海沃特水务厂内
安徽省怀康卫生材料有限公司,500万元人民币,安徽省安庆市怀宁县工业园独秀大道北30号
安徽美灵江新材料有限公司,500万元人民币,安徽省安庆市怀宁县高河镇高河大道267号
潜山县新蕾刷业有限公司,10万元人民币,安徽省安庆市潜山县源潭镇东红村
安徽贝安佳防护用品有限公司,500万元人民币,安徽省安庆市怀宁县工业园月山大道东026号
天长市景润防护用品厂,,天长市秦栏镇寿昌社区天扬北路
怀宁县天园包装有限公司,2000万元人民币,安徽省安庆市怀宁县马庙镇天宫东路143号
怀宁四喜卫生用品有限公司,110万元人民币,安徽省安庆市怀宁县工业园洪铺路18号
天长市恒冠防护用品有限公司,100万元人民币,天长市经济开发区纬三路南经六路西侧
安徽兔兔芭蒂服饰有限公司,500万元人民币,安徽省潜山市梅城镇潜阳路1号(安徽省嘉宜纺织科技创业园有限公司F1栋三楼)
安徽省康亮卫生材料有限公司,500万元人民币,安徽省安庆市怀宁县马庙镇工业集聚区
深圳市锦拓包装制品有限公司,50万元人民币,深圳市光明新区公明办事处东坑社区鹏凌路2号第1栋第四层B
福建海创智能装备股份有限公司,1500万元人民币,惠安县螺阳镇溪东工业区
东莞市搜于特医疗用品有限公司,20000万元人民币,广东省东莞市道滘镇昌平商业路8号
高密奥泰莱防护用品有限公司,50万元人民币,山东省潍坊市高密市密水街道张家埠社区郑家庄205号
安徽海源恒卫生材料有限公司,1200万元人民币,安徽省安庆市怀宁县金拱镇金拱大道120号
铁岭市彦国医疗器材厂,,辽宁省铁岭市昌图县东嘎镇和平街
河南祝康医疗器械有限公司,100万元人民币,河南省安阳市滑县新区百得工业园区5号
安徽强森新材料有限公司,600万元人民币,安徽省安庆市怀宁县茶岭镇谭桥村谭桥组
安庆洁思健防护用品有限公司,100万元人民币,安徽省安庆市怀宁县高河镇育儿路金瓯商务广场三楼
东莞市全日健医疗用品有限公司,100万元人民币,广东省东莞市南城街道莞太路南城段122号6栋119室
安徽康普乐卫生材料有限公司,500万元人民币,安徽省安庆市潜山市源潭镇经济园区9号
安徽怡佳卫生用品有限公司,800万元人民币,安徽省安庆市潜山市源潭镇东畈工业园区6号
泉州市中简生活用品有限公司,100万元人民币,福建省泉州市南安市洪濑镇东大路86号
赤峰禾士营养食品科技有限公司,62万元人民币,内蒙古自治区赤峰市红山区文钟农畜产品产业园区
三明市奥维斯工贸有限公司,600万元人民币,福建省三明高新技术产业开发区金沙园金明西路226号
潜山康盾劳保用品有限公司,500万元人民币,安徽省安庆市潜山市痘姆乡红星村9号
安徽省康迪恩新材料有限公司,500万元人民币,安徽省安庆市怀宁县高河镇查湾村海子纪念园往前1000米
安庆市熙吉卫生材料有限公司,200万元人民币,安徽省安庆市大观区马家岭25号C区10栋
安徽米兰奇贸易有限公司,528万元人民币,安徽省安庆市潜山市源潭镇东红工业区大兴1号
安徽达信防护用品有限公司,500万元人民币,安徽省安庆市怀宁县高河镇怀安河路兰馨花苑72栋3-4号
河南康适利实业有限公司,5000万元人民币,河南省郑州市登封市中岳街道产业集聚区建设路与工业路创新创业科技园1号楼3层、4层
安徽康思德劳保用品有限公司,500万元人民币,安徽省安庆市怀宁县马庙镇马庙工业园
苏州振海化纤有限公司,200万元人民币,太仓市璜泾镇海城村
上海百利安制衣有限公司,155万美元,上海市金山区兴塔镇台资工业区
安徽恒点新材料有限公司,1000万元人民币,安徽省安庆市怀宁县高河镇新安路骑龙创业园1栋2号
安徽丰隆兴医疗科技有限公司,1000万元人民币,安徽省安庆市怀宁县工业园月山大道旁电子精密仪器专业园
安徽文升防护用品有限公司,500万元人民币,安徽省安庆市怀宁县高河镇皖河路国际新城6号门面
深圳市振熙五金机械有限公司,1000万元人民币,深圳市光明新区公明街道将石社区同富工业区15号
安徽金鹤防护用品有限公司,500万元人民币,安徽省安庆市怀宁县高河镇高河大道038号
桐城市思龙卫生用品有限公司,500万元人民币,安徽省安庆市桐城市青草镇陶冲村红九组2号
安徽康宝卫生用品有限公司,500万元人民币,安徽省安庆市怀宁县工业园月山大道18号
安徽拓仁卫生用品有限公司,500万元人民币,安徽省安庆市潜山市源潭镇工业园区29号
肇庆市高要区金利利华彩印厂,,肇庆市高要区金利镇西围村伍江壹队
安徽承翰医疗科技发展有限公司,500万元人民币,安徽省安庆市潜山市余井镇工业园区06号
天长市旭豪防护用品厂,,天长市秦栏镇寿昌东路
安庆市敏智明宸卫生用品有限公司,500万元人民币,安徽省安庆市怀宁县工业园雄山路8号
怀宁县大诚防护用品有限公司,500万元人民币,安徽省安庆市怀宁县高河镇高河大道780号
内蒙古成信医疗有限公司,2000万元人民币,内蒙古自治区巴彦淖尔市经济开发区八一镇临五路南侧(丘号:21140124)
安徽源尔康医药生物科技有限公司,595.62万元人民币,太和县城关镇工业园区
安庆汰康卫生用品有限公司,100万元人民币,安徽省安庆市怀宁县工业园三期纬十四路
漳州市智光纸业有限公司,462万元人民币,漳州市蓝田工业开发区横二路西段
安徽昊天防护用品有限公司,918万元人民币,安徽省安庆市桐城市范岗镇挂车河街道302号
南城益康医疗器械有限公司,1000万元人民币,江西省抚州市南城县河东工业园区
桐城市沐子防护用品有限公司,100万元人民币,安徽省安庆市桐城市青草镇里仁村红旗18号
安徽名创防护用品有限公司,500万元人民币,安徽省安庆市怀宁县高河镇新安路锦绣家园9-10号铺
安庆天扬劳保用品有限公司,100万元人民币,安徽省安庆市怀宁县工业园陶亭路17号
山东沙普医疗器械有限公司,300万元人民币,德州市陵城区经济开发区北辰路西首南侧
桐城市汇健卫生材料有限公司,150万元人民币,安徽省安庆市桐城市范岗镇范岗工业园
安徽省大嘴刷业有限公司,500万元人民币,安徽省安庆市潜山县源潭镇工业园区
河南庄正网络科技有限公司,500万元人民币,郑州航空港区新港大道台湾科技园A1-5号楼101室
安徽高浦艾斯医疗器械有限公司,518万元人民币,安徽省安庆市潜山市源潭镇东红工业区大兴1号
温州昌隆纺织科技有限公司,1000万元人民币,温州市瓯海梧田工业基地南小区13号
怀宁众星卫生用品有限公司,200万元人民币,安徽省安庆市怀宁县高河镇黄梅路供销大厦
怀宁县宝盛劳保用品有限公司,200万元人民币,安徽省安庆市怀宁县工业园里仁东路006号
安徽省杰瑞欣防护用品有限公司,1000万元人民币,安徽省安庆市怀宁县工业园雄山路6号
安徽睿杰康卫医疗科技有限公司,509万元人民币,安徽省安庆市潜山市经济开发区中合产业园B14栋
安庆市美欧卫生用品有限公司,150万元人民币,安徽省安庆市怀宁县工业园创新路2号
保定市利普纺织厂,,河北省保定市清苑区东闾乡南营头村
安徽怀雅医疗科技有限公司,600万元人民币,安徽省安庆市怀宁县工业园黄龙路11号
安庆安翔防护用品有限公司,200万元人民币,安徽省安庆市怀宁县高河镇经一路与纬六路交叉口
安徽诺保防护材料有限公司,500万元人民币,安徽省蚌埠市燕南路1221号(蚌埠金业科技创业产业园有限公司内)
高密市夷安防护用品有限公司,200万元人民币,山东省潍坊市高密市密水街道天坛路前新一街2号
怀宁县汇博劳保用品有限公司,10万元人民币,安徽省安庆市怀宁县工业园雄山路005号
怀宁飞鸿卫生用品有限公司,200万元人民币,安徽省安庆市怀宁县工业园独秀大道北05号
深圳市聚优品塑胶制品有限公司,100万元人民币,深圳市龙岗区横岗街道大康社区莘塘东区新村113号B栋二楼
桐城市嘉华包装材料有限公司,1150万元人民币,桐城市孔城镇跃进村红旗组
纲目本草（山东）医疗器械有限公司,1000万元人民币,山东省聊城经济技术开发区庐山路9号百利来创意产业园27栋202室
河源市裕年科技有限公司,5000万元人民币,河源市源城区龙岭工业园龙岭三路企业服务中心大楼501-1房
安徽风和日丽卫生材料有限公司,1000万元人民币,安徽省安庆市潜山市经济开发区三合路88号C15-4
晋江市亲舒卫生用品有限公司,10万元人民币,福建省泉州市晋江市灵源街道林口社区华林北路106号
深圳市可为工业有限公司,500万元人民币,深圳市福田区福田街道福安社区金田路3037号金中环国际商务大厦A0819
福满祥（山东）康复理疗有限公司,300万元人民币,山东省潍坊市昌邑市都昌街道北海路379号
山东融顺防护用品有限公司,300万元人民币,"山东省潍坊市高密市柏城镇沟南村村址北,胶高公路东侧"
潜山市全明防护用品有限公司,400万元人民币,安徽省安庆市潜山市经开发区八一路0012号
安徽万隆卫生材料有限公司,500万元人民币,安徽省安庆市怀宁县工业园月山大道东21号
安徽梓泓卫生用品有限公司,500万元人民币,安徽省安庆市怀宁县工业园石牌大道林翔木业6号联合厂房2号
东莞市康明进出口贸易有限责任公司,100万元人民币,广东省东莞市茶山镇黄岭路一街1号1号楼
泰盛贸易股份有限公司,10000万元人民币,福建省莆田市荔城区拱辰街道办事处城涵西大道198号
辽宁洁花环保科技装备有限公司,5000万元人民币,辽宁省抚顺市望花经济开发区7-4号地块
安徽森清防护材料有限公司,510万元人民币,安徽省安庆市桐城市新渡镇工业园合安路1号
绍兴柯桥寸多纺织品有限公司,700万元人民币,绍兴市柯桥区柯桥经济开发区齐陶路699号
桐城市佳磊防护用品有限公司,99万元人民币,安徽省安庆市桐城市青草镇夏星村老屋2号
泉州市华品医疗科技有限公司,1000万元人民币,福建省泉州市南安市洪濑东溪神象工业园
荥阳市复兴橡塑工贸有限公司,150万元人民币,荥阳市高村乡高村寺
山东吉祥歌建材科技有限公司,5000万元人民币,山东省临沂市兰山区半程镇工业园
河南威迪医疗器械有限公司,300万元人民币,河南省漯河市召陵区召陵镇东城产业集聚区桃园路北侧6幢101号
郎溪华涛纺织有限公司,3000万元人民币,郎溪县十字经济开发区经都三路以东
安徽科尼恩卫生用品有限公司,800万元人民币,安徽省安庆市怀宁县工业园石牌大道东10号厂内1号厂房
中科品信国际贸易有限公司,20000万元人民币,内蒙古自治区鄂尔多斯市东胜区东环路7号街坊锦厦国际商务广场1号楼2201号
新余市新怀贸易有限责任公司,500万元人民币,江西省新余市渝水区袁河经济开发区
安徽红牌机电设备有限公司,500万元人民币,安徽省桐城市龙腾街道望城村黄仓组
清远市建北发斯特无纺制品联营公司,240万元人民币,清远市清城区龙塘镇盐田04仓
泉州新晟源新材料科技有限公司,118万元人民币,福建省泉州市鲤城区江南高新电子技术园区紫盛路15号
怀宁安航救生设备有限公司,100万元人民币,安徽省安庆市怀宁县工业园月山大道10号
潜山市恒磊贸易有限公司,100万元人民币,安徽省安庆市潜山市源潭镇棋盘居委会方咀组54号
东莞市康吉尔生物科技有限公司,5000万元人民币,广东省东莞市常平镇常东路622号201室
安徽康多多防护用品有限公司,500万元人民币,安徽省安庆市怀宁县工业园稼先北路1号
烟台友福生物科技有限公司,490万元人民币,山东省烟台市福山区永达街1021号
河北舜尔康医疗器械有限公司,2000万元人民币,河北省保定市顺平县工业集中区(正童)
安庆市安鲁情防护用品有限公司,50万元人民币,安徽省安庆市怀宁县工业园独秀大道1号金编集团宿舍楼
大连奕发商贸有限公司,50万元人民币,辽宁省大连市甘井子区辛虹北园23号1单元2层2号
怀宁县骏创防护用品有限公司,100万元人民币,安徽省安庆市怀宁县工业园月山大道东21号
山东荣瑞达医疗科技有限公司,500万元人民币,山东省聊城市茌平区乐平铺镇彭庄村
安庆康亿卫生材料有限公司,300万元人民币,安徽省安庆市怀宁县工业园独秀大道北15号
安徽升诺卫生材料有限公司,500万元人民币,安徽省安庆市怀宁县高河镇经一路富强新村34栋
河南神大科技有限公司,300万元人民币,河南省信阳市平桥区平桥产业集聚区新科大道99号
河南亿阔塑料制品有限公司,100万元人民币,河南省新乡市长垣市张三寨镇崔安和村99号
东莞市不减员卫生用品有限公司,500万元人民币,广东省东莞市道滘镇大罗沙创业园三路3号101室
安徽金薇鹏医疗科技有限公司,500万元人民币,安徽省安庆市潜山市黄铺镇经济开发区农民工创业园旁
河南康长健卫生材料有限公司,500万元人民币,河南省南阳市唐河县产业集聚区兴隆路18号
临沭县欧逸防护用品有限公司,30万元人民币,临沂市临沭县临光水泥厂内
河南舒泰卫生材料有限公司,100万元人民币,河南省安阳市滑县慈周寨乡大广高速口东500米
深圳市铭达纺织有限公司,100万元人民币,深圳市龙岗区龙岗街道新生社区莱茵路集银广场B栋B220
潜山县诚稳服饰有限公司,100万元人民币,潜山县余井镇岭头居委会曹庄组8号
安庆市同抗卫生材料有限公司,500万元人民币,安徽省安庆市怀宁县工业园创新路10号
东莞市容邦尚电子科技有限公司,3000万元人民币,东莞市松山湖高新技术产业开发区礼宾路4号松科苑18号楼403室
河南博凡医疗器械有限公司,1500万元人民币,河南省新乡市长垣市魏庄镇起重工业园区华豫大道东侧、纬二路南侧3号
安徽健华卫生用品有限公司,500万元人民币,安徽省安庆市怀宁县工业园月山大道旁电子精密仪器专业园A12三楼
深圳市衣信互联网科技有限公司,563.44378万元人民币,深圳市前海深港合作区前湾一路1号A栋201室(入驻深圳市前海商务秘书有限公司)
安徽忠利轻工机械有限公司,580万元人民币,安徽省安庆市潜山市源潭镇双林村工业区
安徽天柱伞业有限公司,100万元人民币,安徽省安庆市潜山县经济开发区东环路2幢
安徽天柱橡塑有限公司,100万元人民币,安徽省安庆市潜山县综合经济开发区
安徽尔泰卫生材料有限公司,500万元人民币,安徽省安庆市怀宁县工业园陶亭路17号
威海皓铭生物科技有限公司,400万元人民币,山东省威海市火炬高技术产业开发区初村镇山海路288号F2座
惠州市宇鑫电线测试服务有限公司,50万元人民币,惠州市陈江街道办事处家华名都花园一期第A3栋8层05号房(仅限办公)
广西德福莱医疗器械有限公司,2000万元人民币,来宾市凤翔路48号河南工业园标准厂房一期C1-3
潜山市康惠防护用品有限公司,200万元人民币,安徽省安庆市潜山市官庄镇光华村扶贫驿站车间
深圳市华茂天盛科技有限公司,500万元人民币,深圳市宝安区新桥街道黄埔社区黄埔东环路378号B栋B407
安徽众帛卫生用品有限公司,500万元人民币,安徽省安庆市怀宁县马庙镇汪洋大道
安徽博昊塑料制品有限公司,500万元人民币,安徽省安庆市桐城市新渡镇新安大道38号
广东省优凯诗医疗科技有限公司,1000万元人民币,鹤山市鹤城镇南星工业区006号之十四
安徽省金中合医疗科技有限公司,509万元人民币,安徽省安庆市潜山市经济开发区中合产业园B14-4
安徽思雨鑫防护用品有限公司,500万元人民币,安徽省安庆市怀宁县工业园兴业路2号
创荣新材料科技（河源）有限公司,650万港元,河源市源城区龙岭工业园龙岭大道南边、龙岭二路东边
上海秋合工贸有限公司分公司,,上海市松江区新浜镇商品市场39号A-4
安徽健安防护用品有限公司,500万元人民币,安徽省安庆市桐城市青草镇李屋组2号
桐城小伙计劳保用品有限公司,500万元人民币,安徽省安庆市桐城市经济技术开发区同祥路2号
安徽宁康卫生材料有限公司,500万元人民币,安徽省安庆市怀宁县马庙镇乐胜村何祠组17号
内蒙古艾迪赫医疗器械有限公司,300万元人民币,内蒙古自治区包头市昆都仑区金属深加工园区创业服务中心办公楼319室
安徽龙康卫生用品有限公司,500万元人民币,安徽省安庆市怀宁县工业园月山大道3号
仙桃市华富塑料制品有限公司,100万元人民币,仙桃市仙桃大道黄荆路口
中山市润泽新材料科技有限公司,480万元人民币,中山市南区恒美城南四路24号厂房二楼之六(住所申报)
广东美合邦威科技有限公司,1000万元人民币,惠州市麦地南路25号TCL嘉园1号楼2单元4层04号房
潜山市洁的防护用品有限公司,280万元人民币,安徽省安庆市潜山市梅城镇高集村(梅城镇政府旁)
深圳希格斯玻色子材料有限公司,100万元人民币,深圳市宝安区新安街道海旺社区N23卓越时代广场C栋海天路15-3号2105
安徽康盛劳保用品有限公司,500万元人民币,安徽省安庆市怀宁县工业园独秀大道北28号
安徽金天诚卫生材料有限公司,500万元人民币,安徽省安庆市怀宁县工业园洪铺路29号
安徽中诚纺织品有限公司,500万元人民币,安徽省安庆市潜山市水吼镇横中村经济开发区18号
桐城市中瑞塑业有限公司,1000万元人民币,安徽省安庆市桐城经济开发区南三路
安徽进恒卫生用品有限公司,500万元人民币,安徽省安庆市潜山市源潭镇经济园区16号
安徽省亿护防护用品有限公司,500万元人民币,安徽省安庆市桐城市范岗镇合安路1174公里碑
安徽乐城卫生用品有限公司,500万元人民币,安徽省安庆市怀宁县工业园石牌大道森特美木业2-2号厂房
怀宁县盛宏棕塑制品有限公司,500万元人民币,安徽省安庆市怀宁县马庙镇马郑路7号
烟台有昌国际贸易有限公司,100万元人民币,山东省烟台市福山区迎福路30号
郑州宏大非织造布有限公司,7160万元人民币,郑州高新区银屏路16号
安徽康联防护用品有限公司,500万元人民币,安徽省安庆市怀宁县工业园独秀大道北28号
天津市宝钜净化设备工程有限公司,500万元人民币,天津市蓟县侯家营镇南1000米
深圳市庭缘土菜餐饮管理有限公司,50万元人民币,深圳市龙华区大浪街道同胜社区三合华侨一区华荣路73栋华荣路277华荣路257号
大连川海新材料科技有限公司,1000万元人民币,辽宁省大连市瓦房店市三台乡娘娘宫村
安徽合瑞医疗器械有限公司,5000万元人民币,安徽省安庆市潜山市开发区皖水路98号4幢
连云港凯宇新材料有限公司,350万元人民币,连云港市东海县晶都大道东路1069号4-5号厂房
天长市龙康防护用品有限公司,200万元人民币,天长市石梁镇蔡河村
宁夏溢佳大博新材料有限公司,3000万元人民币,宁夏固原市经济技术开发区轻工业产业园B2
赤水市恒强商贸有限公司,5000万元人民币,赤水市赤水大道西路14号
天长市恒禹防护用品有限公司,300万元人民币,天长市仁和集镇吴庄村
深圳市泰利康实业有限公司,1000万元人民币,深圳市宝安区石岩街道石龙社区创业路3号厂房C一层
安徽健盾劳保用品有限公司,500万元人民币,安徽省安庆市潜山市经济开发区朝阳路5号
南通康特智能环保科技有限公司,500万元人民币,南通市如皋市城北街道花市北路20号
桐城市晨康新材料有限公司,200万元人民币,安徽省安庆市桐城市青草镇新民村蒋楼组8号
安徽万鑫卫生材料有限公司,500万元人民币,安徽省安庆市怀宁县马庙镇天工东路143号
安徽益尔健卫生用品有限公司,500万元人民币,安徽省安庆市怀宁县工业园月山大道电子精密机械产业园
安庆市大嘉卫生用品有限公司,500万元人民币,安徽省安庆市怀宁县金拱镇206国道万胜国际城C1楼3楼
安徽省祥腾卫生材料有限公司,500万元人民币,安徽省安庆市怀宁县金拱镇206国道万胜国际城C1楼3楼
安徽骏业鸿劳保用品有限公司,500万元人民币,安徽省安庆市潜山市源潭镇东红工业园01号
深圳市欧瑞通科技有限公司,50万元人民币,深圳市光明新区公明办事处合水口社区第四工业区第五期第十五栋
青岛钲淼商贸有限公司,200万元人民币,山东省青岛市城阳区长城路89号博士创业园9号楼418号
安庆德普新材料有限公司,100万元人民币,安徽省安庆市怀宁县工业园里仁西路
河南省兴飞医疗器械有限公司,1000万元人民币,河南省新乡市长垣市佘家镇韩板城6组
高密徐宁防护用品有限公司,200万元人民币,山东省潍坊市高密市高密经济开发区康城大街9999号
潜山市源佳环卫科技有限公司,200万元人民币,安徽省安庆市潜山市源潭镇长宁工业园区88号
河北星桥环保科技有限公司,1000万元人民币,河北省石家庄市平山县平山镇东川街路西由南向北第四户商铺
青岛新方舟无纺布有限公司,500万元人民币,山东省青岛市胶州市北关工业园浙江路9号
怀宁非凡防护用品有限公司,200万元人民币,安徽省安庆市怀宁县马庙镇马郑路合一社区
安徽弘科防护用品有限公司,1000万元人民币,安徽省安庆市潜山市梅城镇南岳路369号二楼
安徽万辉医疗科技有限公司,1080万元人民币,安徽省安庆市潜山市源潭镇双林工业区18号
东莞市铭腾包装有限公司,200万元人民币,广东省东莞市东城街道莞温路314号4栋313室
富海医疗实业（深圳）有限公司,1000万元人民币,深圳市龙岗区园山街道保安社区联合路33-3号101
安徽群耀环保科技有限公司,500万元人民币,安徽省安庆市怀宁县工业园雄山东路28号
深圳市周鼎盛物业管理有限公司,50万元人民币,深圳市宝安区新安街道安乐社区兴华一路南六巷13号104
河北祥星医药工程有限公司,1000万元人民币,河北省沧州市肃宁县韩村东大洼开发区
大同华强医疗科技有限公司,1000万元人民币,山西省大同市开发区建昌街31号
天长市恒皓防护用品有限公司,100万元人民币,天长市永丰镇工业园区
宝鸡市文广物资有限公司,1000万元人民币,陕西省宝鸡市陈仓区周原镇南王村东
安徽华辉医疗科技有限公司,2000万元人民币,安徽省安庆市潜山市源潭镇经济园区18号
太仓市梓怡纺织有限公司,100万元人民币,太仓市璜泾镇王秀村
安庆市东渡电子科技有限公司,100万元人民币,安徽省安庆市怀宁县工业园月山大道旁电子精密仪器专业园
桐城市志奇防护用品有限公司,200万元人民币,安徽省安庆市桐城市青草镇青草大道108号
山东达胜国际贸易有限公司,1000万元人民币,临沂市河东区八湖镇八湖工业园中心大街东侧
上海市金山区新兴电子配件厂,41.5万元人民币,上海市金山区新农镇东
枣庄君恒电子商务有限公司,200万元人民币,山东省枣庄市峄城区榴园镇壕沟村
福建省福典医疗科技有限公司,1000万元人民币,福建省泉州市晋江市梅岭街道双沟社区桥西30号
深圳雷特五金电子有限公司,50万元人民币,深圳市光明新区公明街道合水口社区文阁路中裕绿色高新产业园B栋一楼
安庆市创成劳保用品有限公司,500万元人民币,安徽省安庆市怀宁县高河镇育儿路与新安路交叉口祥和家园二期15号
德州铭创商贸有限公司,100万元人民币,山东省德州市宁津县城中心街中段路北县府东侧
安徽德琳新材料有限公司,2000万元人民币,安徽省安庆市怀宁县工业园创新路9号
怀宁县霹雳防护用品有限公司,30万元人民币,安徽省安庆市怀宁县高河镇纬二路与黄梅路交叉口玉龙湾门面2号
安庆鑫雨防护用品有限公司,200万元人民币,安徽省安庆市怀宁县高河镇独秀大道北001号
潜山市昱星进出口有限公司,50万元人民币,安徽省安庆市潜山市经济开发区皖水路0017号
天长市鑫亮玩具厂,,天长市石梁镇何庄村
山东东阿澳润阿胶股份有限公司,5000万元人民币,山东省聊城市东阿县G105与茌东大道交汇处路西
深圳市慧德科技有限公司,100万元人民币,深圳市宝安区福永街道福永镇凤凰村西区190栋二楼
桐城市美洁塑胶有限公司,200万元人民币,桐城市新渡镇新城村华东塑料城B区
上海友东生物科技有限公司,1000万元人民币,上海市嘉定区思义路1515号2幢
四川菩瑞医疗器械有限公司,100万元人民币,成都高新区天仁路259号1栋8层819号
安庆荣瑞塑业有限公司,50万元人民币,安徽省安庆市怀宁县金拱镇人形村孙圩组
安徽恒玉包装制品有限公司,2000万元人民币,安徽省芜湖市长江大桥综合经济开发区高安街道标准化厂房6号楼406、407
潍坊鸿耀劳保用品有限公司,200万元人民币,山东省潍坊市高密市密水街道凤凰大街与古城路交叉路口西600米路南
安徽金域宏瑞防护用品有限公司,500万元人民币,安徽省安庆市怀宁县工业园月山大道旁电子精密仪器专业园
安徽熙楚医疗科技有限公司,500万元人民币,安徽省安庆市怀宁县金拱镇金拱街道西049号
河南体健医疗器械有限公司,3000万元人民币,河南省新乡市长垣市蒲东长满路东侧、文明支渠西侧、唐庄村耕地北侧10号
山东安固帮安全防护用品有限公司,300万元人民币,山东省潍坊市高密市密水街道夷安大道中段路东(高密市物流园006号)
怀宁星辰星劳保用品有限公司,200万元人民币,安徽省安庆市怀宁县高河镇新安路18号
安徽汇聚诚康防护用品有限公司,500万元人民币,安徽省安庆市怀宁县工业园独秀大道北7号
安庆市沐宸卫生材料有限公司,500万元人民币,安徽省安庆市怀宁县高河镇红旗街171号
安徽省皖亿红医疗科技有限公司,500万元人民币,安徽省安庆市怀宁县工业园雄山路稼仙金佳粮集团三楼
沈阳市康植生物科技有限公司,2000万元人民币,辽宁省沈阳市皇姑区黄河北大街56-34号806
兰州康之源中药材贸易有限公司,100万元人民币,甘肃省兰州市兰州新区西岔镇中川村9社
辽宁豪唐科技股份有限公司,7900万元人民币,辽宁省铁岭市开原市八宝造纸产业园
深圳市科威普电子有限公司,1008万元人民币,深圳市龙华新区观澜街道黎光新工业区110号
广西生慧新材料有限公司,200万元人民币,广西百色市右江区六塘银海路6号广西百色高新区科技企业孵化基地标准厂房1#楼3楼
桐城市桐艺防护用品有限公司,500万元人民币,安徽省安庆市桐城市双港镇双全路1号
安徽兴王君防护用品有限公司,500万元人民币,安徽省安庆市怀宁县工业园雄山路东36号
山西德康元科技有限公司,2000万元人民币,侯马市合欢街109号
安徽益延医疗科技有限公司,500万元人民币,安徽省安庆市怀宁县黄龙镇龙舌街28号
安徽丽好劳保用品有限公司,520万元人民币,安徽省安庆市桐城市文昌街道文昌工业园
高密高品防护用品有限公司,100万元人民币,山东省潍坊市高密市胶河生态发展区臧家王吴村村东路北
天长市朗骏医疗用品有限公司,100万元人民币,天长市永丰镇工业园区
桐城吉康防护用品有限公司,50万元人民币,安徽省安庆市桐城市龙腾街道蔡店村16号
安庆市安之桐新材料有限公司,100万元人民币,安徽省安庆市开发区回祥新村16号楼207室
安徽天明防护用品有限公司,508万元人民币,安徽省安庆市潜山市开发区八一大道0168号一层
四川艾优博医疗器材有限责任公司,188万元人民币,成都市温江区永盛镇团结社区5组339号
安徽怡盛卫生用品有限公司,500万元人民币,安徽省安庆市怀宁县马庙镇南山村
安徽舒之美卫生材料有限公司,500万元人民币,安徽省安庆市潜山市经济开发区潜阳路1号嘉宜纺织科技园F2幢
泉州市嘉熠宏工贸有限公司,3000万元人民币,福建省泉州市晋江市深沪镇浔光工业区大寮11号
康太（大连）医疗用品有限公司,1000万元人民币,辽宁省大连市普兰店区太平街道姚家社区
广东帅帝贸易有限公司,1000万元人民币,中山市黄圃镇大岑工业区科特路(陈天成工业厂房2卡)
酵宝生物科技（浙江）有限公司,1000万元人民币,浙江省温州市洞头区北岙街道燕山路497号5楼西面
安徽拾屹材料科技有限公司,529万元人民币,安徽省合肥市经济技术开发区芙蓉路5211号中能大厦商129/商129上
张家口宝菲特科技发展有限公司,150万元人民币,河北省张家口经济开发区沈家屯镇许家庄村钢材市场院内2-302号
安徽浩顺虹源医疗科技有限公司,500万元人民币,安徽省安庆市潜山市源潭镇东红村团结组01号
安徽省绿医医疗科技有限公司,500万元人民币,安徽省蚌埠市禹会区燕山路966号冠宜大厦2号楼1901室
桐城市凯源防护用品有限公司,10万元人民币,安徽省安庆市桐城市青草镇黄泥包红旗
青岛森丽恩医疗科技有限公司,280万元人民币,山东省青岛市城阳区城阳街道文阳路京口社区1180号
潜山市旺虹卫生材料科技有限公司,1000万元人民币,安徽省安庆市潜山市源潭镇共和路8号
安庆新辉卫生用品有限公司,500万元人民币,安徽省安庆市怀宁县工业园独秀大道北15号
东莞鑫沣医疗器械科技有限公司,500万元人民币,广东省东莞市大朗镇水口下园三巷86号301室
安徽省凯顺纸塑有限公司,500万元人民币,安徽省安庆市怀宁县工业园月山大道东25号
安徽康贝防护用品有限公司,500万元人民币,安徽省安庆市怀宁县工业园月山大道东21号
安徽东红劳保用品有限公司,520万元人民币,安徽省安庆市桐城市青草镇江岭村周冲3号
安徽源之诚刷业有限公司,500万元人民币,安徽省安庆市潜山县源潭镇工业园
安徽省忆皖缘包装有限公司,500万元人民币,安徽省安庆市桐城市青草镇朝阳村西湾12号
安徽亲牌医疗科技有限公司,500万元人民币,安徽省安庆市怀宁县工业园里仁西路
安徽智宸纺织品进出口有限公司,500万元人民币,安徽省安庆市怀宁县高河镇育儿路13号
安徽因口医疗科技有限公司,500万元人民币,安徽省安庆市潜山市经济开发区八一路0012号
安徽金羽鑫医疗科技有限公司,500万元人民币,安徽省安庆市怀宁县高河镇政和路宏博门面房007号
安徽微思滤材科技有限公司,500万元人民币,安徽省宣城市宁国市宁国经济技术开发区创新北路1号
安徽诗妮娇服饰发展有限公司,500万元人民币,安徽省安庆市怀宁县工业园独秀大道北9号三环集团院内
潜山世通劳保用品有限公司,100万元人民币,安徽省安庆市潜山市源潭镇源潭大道8号
安徽省俊晟新材料科技有限公司,500万元人民币,合肥市包河区宁夏路5号生产车间六113
深圳市卓盛铝业有限公司,1000万元人民币,深圳市前海深港合作区前湾一路1号A栋201室(入驻深圳市前海商务秘书有限公司)
安徽康诺新材料有限公司,6000万元人民币,安徽省安庆市怀宁县工业园月山大道东006号
安庆康一防护用品有限公司,200万元人民币,安徽省安庆市怀宁县金拱镇206国道万胜国际城C1大楼
安徽鑫之康卫生用品有限公司,500万元人民币,安徽省安庆市怀宁县高河镇独秀大道北8号
潜山市伯乐防护用品有限公司,518万元人民币,安徽省安庆市潜山市经济开发区东环路168号
肇庆市特宝科技有限公司,300万元人民币,肇庆市高要区金利镇金湾南路10号广东信基创新科技园A-35栋
深圳市垦鑫达通信科技有限公司,5000万元人民币,深圳市福田区香蜜湖街道东海社区深南大道7006号富春东方大厦3层301C(仅限办公)
安徽大翔国际贸易有限公司,500万元人民币,桐城市新渡镇华东塑料城1#101
深圳市丰方亮国际物流有限公司,50万元人民币,深圳市福田区华强北街道燕南路403栋华明大厦首层3号铺
安庆市康可欣环保科技有限公司,500万元人民币,安徽省安庆市怀宁县马庙镇汪洋村新民组
安徽省皖亿康卫生用品有限公司,500万元人民币,安徽省安庆市怀宁县工业园雄山路稼仙金佳粮集团三楼
安徽嘉健医疗科技有限公司,500万元人民币,安徽省安庆市潜山市余井镇松岭村油坊组45号
安徽茂康医疗科技有限公司,500万元人民币,安徽省安庆市怀宁县工业园创新路9号
安徽海耀新材料有限公司,6000万元人民币,安徽省安庆市怀宁县工业园月山大道东006号
佛山市西卫卫生用品有限公司,400万元人民币,佛山市三水区西南街道五顶岗村委会周灶村塱上(自编之二)(住所申报)
安徽耀淮刷业有限公司,1000万元人民币,安徽省安庆市潜山县源潭镇双峰居委会
石狮市艾雪莉皮具有限公司,100万元人民币,福建省泉州市石狮市灵秀镇百灵街华闽世贸国际503室
安庆康宁安医疗器械有限公司,500万元人民币,安徽省安庆市怀宁县工业园兴业路002号
安徽五湖滤材有限公司,10000万元人民币,安徽省阜阳市太和县工业园区工四路标准化厂房一号
安庆华辉防护用品有限公司,280万元人民币,安徽省安庆市怀宁县工业园雄山路东21号
安徽凯乐康新材料有限公司,500万元人民币,安徽省安庆市怀宁县高河镇新安路骑龙工业园
安徽青禾创新医疗科技有限公司,500万元人民币,安徽省安庆市怀宁县工业园雄山路稼仙金佳粮集团三楼
安徽康倍健卫生用品有限公司,500万元人民币,安徽省安庆市怀宁县工业园雄山路36号
固镇美佳材料有限公司,100万元人民币,安徽省蚌埠市固镇县新马桥镇花谷村
中山市睿成劳保用品有限公司,300万元人民币,中山市南区恒美城南四路24号厂房三楼之二(住所申报)
汕头市科龙达无纺布有限公司,1028万元人民币,汕头市潮阳区棉北街道五三居委五三工业区
河南省富瑞德医疗设备有限公司,6670万元人民币,长垣市满村镇创业园1号
安庆市靖文纸塑有限公司,300万元人民币,安徽省安庆市怀宁县马庙镇天工西路88号
三江产业发展（深圳）有限公司,10000万元人民币,深圳市前海深港合作区前湾一路1号A栋201室(入驻深圳市前海商务秘书有限公司)
芜湖新世纪净化器材有限责任公司,750万元人民币,安徽省芜湖市三山区经济开发区内
深圳市艾唯尔科技有限公司,644.33万元人民币,深圳市龙岗区龙城街道龙岗天安数码创新园一号厂房A402、403
青岛邦恩医疗科技有限公司,100万元人民币,山东省青岛市即墨区马山东一路8号
灵璧县茂恒医疗器械有限公司,80万元人民币,安徽省宿州市灵璧县娄庄镇黄圩村1
惠州胜冠口罩科技有限公司,200万元人民币,惠州市潼湖经济管理区联发大道北面6号A厂房
宜昌红豆杉无纺制品有限公司,200万元人民币,宜都市陆城杨守敬大道东侧
桐城市永叶防护用品有限公司,100万元人民币,安徽省安庆市桐城市范岗镇范金路
桐城市浩美防护用品有限公司,100万元人民币,安徽省安庆市桐城市青草镇青草工业园区
安徽协力劳保用品有限公司,980万元人民币,安徽省安庆市桐城市新渡镇合安大道工业园区
龙口市德一机械设备有限公司,500万元人民币,山东省龙口市东江镇九南村
江苏锦禾高新科技股份有限公司,3000万元人民币,江苏省扬州市杭集镇翟庄路
深圳首弘智能数码科技有限公司,2000万元人民币,深圳市南山区西丽街道沙河西路3011号白沙新兴产业园1栋6楼M区
桐乡市立明喷织股份有限公司,1000万元人民币,浙江省嘉兴市桐乡市崇福镇新益村1-6幢
深圳市兴创伟业电子科技有限公司,3020万元人民币,深圳市福田区沙头街道新洲社区滨河大道9003号湖北大厦28南B
桐城市冠杰防护用品有限公司,5万元人民币,安徽省安庆市桐城市新渡镇西环路94号
怀宁天天纸塑有限责任公司,100万元人民币,安徽省安庆市怀宁县工业园黄龙路11号
中山市杰星隆防护用品有限公司,500万元人民币,中山市东凤镇小沥社区北角街1号之三(住所申报)
欧亚智能科技（中山）有限公司,50万美元,中山市火炬开发区岐关东路8号之一东面
安庆安怀卫生用品有限公司,200万元人民币,安徽省安庆市怀宁县工业园雄山路现梵家具二楼
桐城市亮伟防护用品有限公司,300万元人民币,安徽省安庆市桐城市范岗镇范岗居委会桂圩1号
招远市塑料印刷包装机械厂,5万元人民币,招远市辛庄镇驻地
山东卓昊智能电力科技有限公司,15000万元人民币,山东省聊城市高唐县鱼邱湖街道丁张工业园区
河源合益泰非织造有限公司,800万元人民币,连平县三角镇工业园佳泰路旁38号地块厂房C
天长市云坤机械配件有限公司,50万元人民币,天长市仁和集镇雷庄村
河南华源世佳医疗器械有限公司,600万元人民币,河南省开封市尉氏县大营乡新尉工业园区16号
天长市国顺有机玻璃有限公司,100万元人民币,天长市秦栏镇白马村冯庄组(天扬公路南侧)
株洲诚明新材料有限公司,500万元人民币,湖南省株洲市渌口区南洲镇田家湾村胡冲组13号附1号
河南百佳卫生材料科技有限公司,500万元人民币,河南省开封市杞县杞县柿园乡李胡楼村二组
安徽米多刷业有限公司,500万元人民币,安徽省安庆市潜山市源潭镇工业园34号
泉州市茂达利生料带有限公司,158万元人民币,南安市美林街道办事处溪州村
深圳市满盛丰科技有限公司,50万元人民币,深圳市宝安区燕罗街道燕川社区西十三巷3号207
广西威迪亚新材料有限公司,1008万元人民币,柳州市阳泰路东2号C-10车间、办公楼
无锡市宏腾塑胶厂,40万元人民币,无锡市新区鸿山工业园鸿祥路34号
广东吉康顺医疗科技有限公司,2680万元人民币,揭阳市揭东经济开发区龙港路北侧
安庆市鸿盛塑业有限公司,600万元人民币,安徽省安庆市怀宁县高河镇高岭路88号
淄博诚宏经贸有限公司,2000万元人民币,山东省淄博市临淄区齐鲁国际塑化城临淄大道818甲9号606
兰州健驰中药材开发有限公司,100万元人民币,甘肃省兰州市兰州新区祁连山大道4280号20栋2层205室
怀宁县鸿顺商贸有限公司,50万元人民币,安徽省安庆市怀宁县工业园稼先北路15号
石家庄洁邦纺织品有限公司,100万元人民币,河北省石家庄市元氏县东张乡东正村
临沂喜盈润家居用品有限公司,100万元人民币,临西八路与大山路交汇澳龙国际物流鞋城C区5116号
安徽省桐城市宏腾环保包装有限公司,2000万元人民币,"桐城双新经济开发区伊洛大道南,经一路西"
青岛欣昊诚医疗器械有限公司,1000万元人民币,山东省青岛市胶州市胶西街道办事处杜村东部工业区
安徽康建卫生用品有限公司,1000万元人民币,安徽省安庆市怀宁县工业园东经二路
深圳市金品尚电子科技有限公司,50万元人民币,深圳市宝安区西乡街道凤凰岗社区凤凰岗第三工业区501
深圳市慧丰和胜实业有限公司,50万元人民币,深圳市龙岗区园山街道银荷社区龙岗大道横岗段7038号水晶之城10栋301
安徽乐青源防护用品有限公司,500万元人民币,安徽省安庆市潜山市源潭镇东畈工业园(亿仁山庄旁)
安徽康盾新材料有限公司,1000万元人民币,安徽省安庆市怀宁县工业园陶亭路19号
安徽华沁康防护用品有限公司,500万元人民币,安徽省安庆市桐城市青草镇朝阳村东湾17号
安徽日亿医疗器械有限公司,500万元人民币,安徽省阜阳市太和县三塔镇李陈村委会王七庄自然东太三路东侧100米
桐城市志敏防护用品有限公司,400万元人民币,安徽省安庆市桐城市经济技术开发区双新产业园松鹤大道
桐城市聚力劳保用品厂,,桐城市双港镇双港大道
辽宁恒利防护科技有限公司,1200万元人民币,辽宁省朝阳市高新技术产业开发区新能源电器产业集群2期5号
秦皇岛众喆环保科技有限公司,2000万元人民币,河北省秦皇岛市经济技术开发区黑龙江西道16号
河北艾怿森生物科技有限公司,3000万元人民币,河北省张家口市下花园区新辰路20号花园领地小区4号商业楼1号309室
湖南楷元科技有限公司,288万元人民币,湖南省怀化市迎丰路银河电脑城七楼705号
安庆市锦天户外用品有限公司,450万元人民币,安徽省安庆市怀宁县工业园三桥路5号
安徽康梅格医疗器械有限公司,500万元人民币,天长市秦栏镇白马村
广东索亚建筑装饰材料有限公司,1000万元人民币,鹤山市共和镇共盈路7号之四
天长市嘉硕医疗用品有限公司,500万元人民币,天长市秦栏镇寿昌路工业园区
安徽恒爱防护科技有限公司,1000万元人民币,安徽省安庆市潜山市开发区潜阳路1号(嘉宜纺织科技园G2栋)
菏泽市柏罡新材料有限公司,1000万元人民币,山东省菏泽市东明县黄河路北段黄河大桥南1公里路西
广西贵港市恒丰医疗用品有限公司,200万元人民币,贵港市产业园(石卡园区)标准厂房B2栋
安徽益众康医疗器材有限公司,1000万元人民币,安徽省安庆市潜山市槎水镇龙关14号
美安工业（江苏）有限公司,159万美元,睢宁经济开发区九旭大道西侧、幸福路南侧
广东锦健科技有限公司,2000万元人民币,汕头市龙湖区外沙镇蓬发大道工业厂房侯工楼三楼之一
桐城市得爱防护用品有限公司,68万元人民币,安徽省安庆市桐城市青草镇夏星村青年组3号
广东省多特马斯医疗用品有限公司,500万元人民币,广东省东莞市长安镇街新路12号301室
鼎泰（福建）服装有限公司,500万元人民币,福建省泉州市晋江市龙湖镇湖北村龙翔路61号
西藏甘露医疗器械股份有限公司,1000万元人民币,西藏自治区西藏自治区拉萨经济技术开发区林琼岗路15号
河北宏泽环保科技有限公司,2000万元人民币,河北省衡水市饶阳县肃衡北大街2号-1
深圳银兴科技开发有限公司,1099万元人民币,深圳市南山区西丽街道科技北二路航天微电机大厦D座201室
深圳市朗意生物科技有限公司,10万元人民币,深圳市宝安区西乡街道劳动社区西乡大道306-12号富通城二期A座A-111
天长市登峰塑料有限公司,280万元人民币,安徽省天长市万寿北路88号
茌平恒瑞化纤织造有限公司,200万元人民币,山东省聊城市茌平信发办事处徐庄
广东联福新材料股份有限公司,2000万元人民币,广东省东莞市大岭山镇矮岭冚创业三街5号2号楼402室
江西萨米科技有限公司,777万元人民币,江西省宜春经济技术开发区李太路8号
安徽省临泉县万隆塑料包装有限公司,3600万元人民币,安徽省阜阳市临泉县经济开发区兴泉大道221号
安徽阿姆特医疗用品有限公司,500万元人民币,天长市铜城镇铜北村
青岛克利尔斯防护用品有限公司,498万元人民币,山东省青岛市胶州市九龙街道办事处建设路327号
德阳全息材料科技有限公司,1000万元人民币,四川省德阳市旌阳区泰山北路290号
深圳市凯业晟环保科技有限公司,5000万元人民币,深圳市龙岗区坪地街道坪地社区建设路58号101
东莞市裕达科技有限公司,100万元人民币,广东省东莞市石碣镇下一村一德街33号201房
青岛天一全工贸有限公司,50万元人民币,青岛市市南区仙居路66号13号楼2002户
山东浩海净化水技术开发有限公司,300万元人民币,山东省潍坊市昌邑市北海路南首
石狮垚谷集成电路科技有限公司,5000万元人民币,福建省泉州市石狮市蚶江镇锦里东南区85号5楼
深圳市胜兴旺精密科技有限公司,100万元人民币,深圳市龙岗区坂田街道新雪社区下雪村工业园2栋501
德州骏翔缝纫设备有限公司,100万元人民币,山东省德州市禹城市建设路南首金帅扒鸡公司北邻
桐城市红莲塑业有限公司,210万元人民币,安徽省桐城市新渡大道
浙江金海环境技术股份有限公司,21000万元人民币,诸暨市应店街镇工业区
桐城市沐鸿防护用品有限公司,180万元人民币,安徽省安庆市桐城市青草镇江岭村3号
深圳市华莱实业有限公司,800万元人民币,深圳市福田区八卦岭鹏基商务时空301、302、303、305
湖南福银新能源科技有限公司,6000万元人民币,湖南省郴州市永兴县经济开发区国家循环经济示范园晶讯大道12号
广东庆峰医疗科技有限公司,2000万元人民币,肇庆市鼎湖区桂城新城31区同兴路肇庆市鼎湖区土地储备中心厂房A、B幢
东莞市康尔雅医疗科技有限公司,100万元人民币,广东省东莞市道滘镇大备湾大新工业街3号101室
安徽康泰电气有限公司,31680万元人民币,安徽省天长市铜城镇安乐社区长安中路
泸州晨巧服装有限公司,500万元人民币,泸州市龙马潭区石洞街道桥头村小学校内(自主申报)
河南富亿隆环保科技有限公司,100万元人民币,河南省新乡市长垣市常村镇308省道北侧、玉前线西侧
安徽省汇澳森林木业有限公司,500万元人民币,安徽省安庆市怀宁县马庙镇工业园
阜南县创美服饰有限公司,500万元人民币,安徽省阜阳市阜南县王化镇张集村张集
潜山市玉洁旺防护用品有限公司,500万元人民币,安徽省安庆市潜山市经济开发区皖水路0098号5幢
东莞市荣欣商贸有限公司,100万元人民币,广东省东莞市石碣镇下一村一德街33号201房
安徽卓亿刷业有限公司,500万元人民币,安徽省安庆市潜山市源潭镇双峰居委会结缘南街50号
安徽唯云新材料科技有限公司,1200万元人民币,安徽省安庆市桐城市范岗镇居委会4#101
东莞市红友生物科技有限公司,50万元人民币,广东省东莞市大岭山镇大岭山建设路一街40号301室
安徽省康胜医疗科技有限公司,580万元人民币,安徽省安庆市怀宁县高河镇经一路与纬五路交叉口
江阴市共创塑胶科技发展有限公司,52万元人民币,江阴市华士镇陆瓠西路201号
青岛晟帝龙贸易有限公司,100万元人民币,山东省青岛市即墨区经济开发区后庵村村北
安徽省新贝乐医疗器械有限公司,500万元人民币,安徽省安庆市怀宁县工业园里仁西路广泛智能科技有限公司二楼
安徽特特劳保用品有限公司,500万元人民币,安徽省安庆市怀宁县工业园黄龙路006号
安徽省东沐医疗器械有限公司,500万元人民币,安徽省阜阳市太和县经济开发区裕民路(安徽致鑫中药饮片有限公司院内)
桐城市众之雅防护用品有限公司,500万元人民币,安徽省安庆市桐城市青草镇朝阳村塔庄
安徽皖瑞康防护用品有限公司,500万元人民币,安徽省安庆市桐城市范岗镇棋盘岭工业园
潜山市成林医疗科技有限公司,500万元人民币,安徽省安庆市潜山市源潭镇双林村张老屋9号
天长市神华进出口贸易有限公司,500万元人民币,天长市釜山镇街道
甘肃科力儿卫生新材料科技有限公司,700万元人民币,甘肃省天水市武山县城关镇工业园区
安徽奇杰环保科技有限公司,2888万元人民币,"桐城经济技术开发区双新产业园纬九路北,经三路东5号"
深圳市瑞思祥科技有限公司,200万元人民币,深圳市光明区新湖街道楼村社区鲤鱼河工业区振兴路37号E栋一层A区、三层、四层、五层
东莞市厚街金胜鞋材加工厂,,东莞市厚街镇汀山村汀山广场大道
临朐瑞航装饰工程有限公司,600万元人民币,山东省潍坊市临朐县东城街道朐山路265号1幢
深圳市卓越嘉成科技有限公司,50万元人民币,深圳市龙华区民治街道民治社区民治大道398号汇宝江大厦A507、A509
桐城市双赢塑化有限公司,150万元人民币,桐城市新渡镇凤凰村范咀路2号
东莞市四邦自动化设备有限公司,200万元人民币,东莞市南城区周溪众利路棉纺厂路段C座5号
山东和美医疗器械有限公司,500万元人民币,山东省聊城经济技术开发区东昌东路32号御润大酒店26楼2602室
广东博予蓝医疗科技有限公司,500万元人民币,广东省东莞市茶山镇寒溪水新围工业区二路5号5栋601室
安徽雅清欣防护用品有限公司,500万元人民币,安徽省安庆市潜山市源潭镇工业园源庆路200号
安徽科环装饰工程有限公司,500万元人民币,天长市仁和集镇白马村胡庄队28号
安徽皖泓医疗科技有限公司,500万元人民币,安徽省安庆市怀宁县秀山乡司马村司马组28号
深圳诺立欣医药科技有限公司,500万元人民币,深圳市罗湖区莲塘街道坳下社区仙湖路156号北开大院C栋306B
安徽楚天安防护用品有限公司,1000万元人民币,安徽省安庆市桐城市范岗镇东工业园刷业路64号
安徽省小夷医疗科技有限公司,500万元人民币,安徽省安庆市岳西县五河镇百步村后榜组020号
上海秋合工贸有限公司,50万元人民币,上海市松江区新发经济城
安徽润康防护用品有限公司,800万元人民币,安徽省安庆市桐城市经济技术开发区铁栋2路1号
深圳市天人合一贸易有限公司,100万元人民币,深圳市龙岗区坂田街道新河街2号金方华产业园三期9栋303
福建鑫华股份有限公司,8000万元人民币,晋江市龙湖镇粘厝埔华鑫工业园
四川辰誉科技有限公司,500万元人民币,四川省成都市天府新区华阳富强街66号1层
潍坊韦达防护用品有限公司,100万元人民币,山东省潍坊市高密市夏庄镇夷安大道8号
成都武兴成生物科技有限公司,600万元人民币,成都市武侯区二环路西一段2号1栋1单元7层727号
天长市晔阳实验器材有限公司,668万元人民币,天长市秦栏镇庆祝村金庄现代化小区
天长市新怡防护用品有限公司,100万元人民币,天长市仁和集镇仁和工业园区
河南共健医疗器械有限公司,1000万元人民币,河南省新乡市辉县市产业集聚区洪洲园区
安徽米兰士装饰材料有限公司,677万元人民币,桐城市范岗镇范金路
河南绿分子医疗器械有限公司,100万港元,河南省许昌市鄢陵县创业大道鄢陵科技创业园5号楼
六安载丰新材料有限公司,7000万元人民币,安徽省六安市经济开发区纬三路
东莞市可锐光电有限公司,2000万元人民币,东莞市凤岗镇雁田村东深二路河东工业区十号3栋1楼106号
潜山舒尔畅卫生用品有限公司,100万元人民币,安徽省安庆市潜山市梅城镇潜阳路1号嘉宜花苑G3栋一楼
桐城市康众劳保用品有限公司,100万元人民币,安徽省安庆市桐城市新渡镇新渡工业园
绍兴柯桥金飞贸易有限公司,100万元人民币,绍兴市柯桥区柯桥经济开发区齐陶路699号
深圳市瑾鑫恒利科技有限公司,50万元人民币,深圳市龙华区大浪街道龙平社区部九窝向荣路8号-1栋204
桐城市鑫雅防护用品有限公司,180万元人民币,安徽省安庆市桐城市青草镇三星村刘庄1号
惠州市佳仕科技有限公司,10万元人民币,博罗县龙溪街道小蓬岗村第一工业区
安徽生达新材料有限公司,500万元人民币,安徽省安庆市怀宁县高河镇独秀大道北28号
本溪恒晟实业发展有限责任公司,100万元人民币,辽宁省本溪市溪湖区溪湖南路30栋2层1单元3号
山东华棉纺织品有限公司,500万元人民币,山东省聊城市茌平区杜郎口镇鑫州工业园16号
潍坊德合顺防护用品有限公司,100万元人民币,山东省潍坊市高密市高密经济开发区兴源路1688号
安徽弘华卫生用品有限公司,1000万元人民币,安徽省安庆市潜山市开发区三合路88号(中合产业园B5幢)
安庆乐康医疗科技有限公司,100万元人民币,安徽省安庆市怀宁县金拱镇金拱七里工业园区
东莞市赛克电子设备有限公司,200万元人民币,广东省东莞市莞城街道莞龙路莞城段143号3单元201房
江西吉妮珂诗日化有限公司,200万元人民币,江西省九江市浔阳区浔阳东路318号兴龙国际商务中心1016室
桐城市欣瑞防护用品有限公司,80万元人民币,安徽省安庆市桐城市青草镇青草大道167号
怀宁胶友包装有限公司,100万元人民币,安徽省安庆市怀宁县高河镇工业园月山大道537号
广德辉龙环保科技有限公司,5180万元人民币,安徽省宣城市广德经济开发区南环路
东莞市净达防护科技有限公司,100万元人民币,广东省东莞市塘厦镇清湖头冯屋围巷27号
萍乡叶宇健康科技有限公司,500万元人民币,江西省萍乡市安源区青山镇葡萄村6组86号
潜山市莲胜劳保用品有限公司,20万元人民币,安徽省安庆市潜山市梅城镇嘉宜纺织科技创业园F1栋
上海嘉荣无纺厂,55万元人民币,嘉定区马陆镇棕坊村
天长市三和人造丝有限公司,50万元人民币,天长市秦栏镇第二工业园区
山西云上太休医疗器械有限公司,500万元人民币,侯马经济开发区锦茂医疗健康产业基地1号楼1层
深圳大四喜医疗器械有限公司,500万元人民币,深圳市福田区园岭街道八卦岭鹏基工业区厂房第618栋第1层东侧
东莞市吉络电子有限公司,100万元人民币,广东省东莞市凤岗镇东深路凤岗段180号2号楼506室
安徽格瑞医疗科技有限公司,500万元人民币,安徽省安庆市怀宁县工业园雄山路东19号
深圳市昕旭自动化科技有限公司,500万元人民币,深圳市光明区马田街道合水口社区第二工业区第十二栋201
安庆市海艺帽业有限公司,100万元人民币,安徽省安庆市怀宁县工业园
江西丰龙共享户外休闲用品有限公司,2000万元人民币,江西省上饶市万年县高新技术产业区丰收工业园创业路以西、建元大街
安徽长中刷业有限公司,1169万元人民币,安徽省潜山市源潭镇工业园区
河南睿双医疗科技有限公司,800万元人民币,河南省许昌市魏都区北大街道八一路121号2A幢东起第9间
福建省贝琪供应链管理有限公司,1000万元人民币,福建省泉州市石狮市灵秀镇港塘路174号世联华府1幢401室
深圳市信之源生物科技有限公司,1000万元人民币,深圳市龙华区大浪街道新石社区爱美达高新科技工业园区A栋厂房2层
安徽新宜医疗科技有限公司,1000万元人民币,安徽省安庆市怀宁县工业园雄山路6号
安徽嗨尔斯光学医疗器材科技有限公司,3000万元人民币,安徽省六安市金安区三十铺镇一元大道安徽新中天光学材料科技有限公司内
安徽洁尔康环保科技有限公司,500万元人民币,安徽省安庆市怀宁县高河镇高河大道高河工业小区
天长市兴宇电子厂,,安徽省天长市秦栏镇经济开发区
高密市中宜天盾劳保用品有限公司,100万元人民币,山东省潍坊市高密市高密经济开发区撞上村278号
潜山一柯毛刷有限公司,500万元人民币,安徽省安庆市潜山市源潭镇源潭经济园区118号
安庆市康夏卫生材料有限公司,500万元人民币,安徽省安庆市怀宁县马庙镇泥河村东升组
安徽省润物新材料有限公司,1000万元人民币,安徽省安庆市怀宁县高河镇独秀大道北40号
桐城市舒康防护用品有限公司,120万元人民币,安徽省安庆市桐城市青草镇梅城村联合组6号
安庆盛华纸质包装有限公司,570万元人民币,安徽省安庆市怀宁县工业园月山大道东6号
安徽八喜医疗科技有限公司,1000万元人民币,安徽省安庆市怀宁县工业园独秀大道北15号
安徽省四创防护材料有限公司,600万元人民币,东至县张溪镇老轧花厂
合肥永明服装有限公司,742.5万元人民币,合肥市新站区颍河路与鹿鸣山路交口西南角
东莞市维生医疗科技有限公司,900万元人民币,广东省东莞市虎门镇龙眼十路75号二栋
桐城市爱春劳保用品有限公司,100万元人民币,安徽省安庆市桐城市青草镇朝阳村大营19号
衡水英才印务有限公司,3000万元人民币,武强县城东路
高密市宏利达防护用品有限公司,50万元人民币,山东省潍坊市高密市高密经济开发区东后芝兰村
广东鑫业医用科技有限公司,2000万元人民币,广东省东莞市大朗镇富民南路58号1栋502室
安徽省赛金医疗科技有限公司,1000万元人民币,安徽省安庆市怀宁县高河镇独秀大道北022号
安徽易康防护用品有限公司,500万元人民币,安徽省安庆市桐城市文昌街道同康路101号
安徽虹鑫贸易有限公司,500万元人民币,安徽省安庆市桐城市经济技术开发区兴隆路1号
安徽蓝穹医疗科技有限公司,500万元人民币,安徽省安庆市潜山市开发区迎宾大道南环路58号
东莞市华协电子科技有限公司,400万元人民币,广东省东莞市厚街镇溪中路8号201室
珠海市智普达健康科技有限公司,1000万元人民币,珠海市金湾区红旗镇双林东路3号2栋2层
马鞍山市速耐特医疗科技有限公司,1000万元人民币,安徽省马鞍山市含山县关镇(高速)道口工业集中区1号
安徽健吉医疗科技有限公司,1000万元人民币,安徽省安庆市潜山市源潭镇三环山庄5楼602室
中山市堡威定制服装科技有限公司,500万元人民币,中山市沙溪镇兴工路88号玉华楼7楼之一
汉特（汕头）贸易有限公司,12345.67万元人民币,汕头市龙湖区金砂路104号金龙大厦B幢2701号房之一
安徽冬洋医疗科技有限公司,880万元人民币,安徽省安庆市怀宁县工业园龙山路203号
怀宁墨宝无纺布有限公司,500万元人民币,安徽省安庆市怀宁县高河镇政和路延伸段204#门面房
桐城市民安防护用品有限公司,150万元人民币,安徽省安庆市桐城市范岗镇金飞工业园
安庆市利康医疗科技有限公司,200万元人民币,安徽省安庆市怀宁县高河镇育儿路金瓯商务二楼
湘西乾泰贸易有限公司,500万元人民币,湖南省湘西土家族苗族自治州永顺县灵溪镇南山社区永顺大道288号大汉府顺家园8栋113号
滁州市蒂丝特纺织品有限公司,30万元人民币,安徽省滁州市来安县舜山镇和平新村广场对面
黑龙江省中瑞医疗器械制造有限公司,1000万元人民币,哈尔滨经开区哈平路集中区松花路9号中国云谷A8号楼2层西侧
广东国恒塑业发展有限公司,5000万元人民币,广东省东莞市清溪镇清樟路清溪段46号101室
河源市康民医用卫生材料有限公司,200万元人民币,东源县骆湖镇骆湖村委会第四小组
聊城鲁升医疗器械科技有限公司,2000万元人民币,山东省聊城市莘县东鲁街道办事处鸿图街东首路北
潍坊力昂机械有限公司,200万元人民币,山东省潍坊市青州市云门山街道范公亭路4708号泰华大厦1514室
汕头市松春盛实业有限公司,800万元人民币,汕头市潮阳区和平塘围新和惠路西
安徽四季防护用品有限公司,500万元人民币,安徽省安庆市桐城市经济技术开发区双新产业园伊洛大道北双创园大道西
桐城市春晖防护用品有限公司,100万元人民币,安徽省安庆市桐城市青草镇黄泥包
天长市天旺旅游用品有限公司,100万元人民币,安徽省天长市汊涧镇工业园区A区、高速公路连接线北侧
深圳市永信基科技有限公司,50万元人民币,深圳市宝安区石岩街道龙腾社区永和路1号电业厂厂房B栋二层
邵阳纺织机械有限责任公司,13500万元人民币,邵阳市双清区邵阳大道宝庆东路交叉口
深圳市薇丽艾思服装有限公司,200万元人民币,深圳市宝安区西乡街道固戍恒南路十号
深圳市亿和汇聚科技有限公司,100万元人民币,深圳市龙岗区南湾街道丹竹头社区立信路91号2栋1层
深圳市雅格尔包装制品有限公司,20万元人民币,深圳市宝安区福永街道福永社区福海大道24号中阳商务大厦306
桐城市朱永青防护用品有限公司,20万元人民币,安徽省安庆市桐城市青草镇同兴居委会徐屋4号
安徽东湘医疗科技有限公司,500万元人民币,安徽省安庆市怀宁县高河镇金塘小区4栋7-8号
安徽省三卓医疗科技有限公司,500万元人民币,安徽省安庆市怀宁县工业园里仁西路
湛江龙阵医疗器械有限公司,300万元人民币,湛江市遂溪县遂城镇龙架村沙坡路东南侧1号
桐城市长弘防护用品有限公司,200万元人民币,安徽省安庆市桐城市范岗镇合安路西侧1#101号
东莞市健达医疗科技有限公司,500万元人民币,广东省东莞市樟木头镇樟木头金河路120号2号楼101室
烟台天力包装科技有限公司,500万元人民币,福山高新区祥福街109号
尚嘉沐良（深圳）实业有限公司,1010.1万元人民币,深圳市福田区莲花街道福中社区福中三路1006号诺德金融中心9A
天长市迪科利华新材料科技有限公司,300万元人民币,天长市石梁镇工业集中区经十六路西
深圳市垦鑫达科技有限公司,2000万元人民币,深圳市南山区粤海街道高新区社区科技南路18号深圳湾科技生态园12栋裙楼505
安庆市志强劳保用品有限公司,100万元人民币,安徽省安庆市怀宁县高河镇城东工业园
深圳市长昌建筑材料有限公司,50万元人民币,深圳市光明新区公明办事处南环路产品流通中心1层A29号
安庆欣龙卫生用品有限公司,100万元人民币,安徽省安庆市怀宁县工业园独秀大道
泉州市恒建智能机械有限公司,100万元人民币,福建省泉州市南安市霞美镇霞美村顺和路1号1幢5楼
安徽文颖刷业有限公司,7770万元人民币,安徽省安庆市潜山市源潭镇经济开发区斗塘村张术组
深圳市俊通电子科技有限公司,100万元人民币,深圳市龙华区福城街道大水坑社区大三村金奥幕墙工业厂区C栋201
安徽盛源医疗科技有限公司,600万元人民币,安徽省安庆市怀宁县高河镇月山大道东008号
安徽正宝融信新材料有限公司,500万元人民币,安徽省安庆市怀宁县马庙镇天宫西路128号
安徽金牌医疗科技有限公司,500万元人民币,安徽省安庆市怀宁县高河镇经一路与纬六路交叉口
广西安邦医疗器械有限公司,500万元人民币,广西壮族自治区贵港市平南县平南街道二环大道113号
利万嘉（河南）医疗器械科技有限公司,500万元人民币,河南省濮阳市清丰县产业园区安康路东段利万嘉电商产业园017号
安徽名望医疗科技有限公司,500万元人民币,安徽省安庆市怀宁县高河镇东风路与纬十四路交叉口处
青岛腾昱智能医疗科技有限公司,500万元人民币,山东省青岛市胶州市三里河街道办事处赵家小庄村西
安徽伊维特防护用品有限公司,500万元人民币,安徽省安庆市桐城市青草镇陶冲工业园1号
安徽九康医疗器械有限公司,500万元人民币,颍上县工业园区颍泰路东侧北环路北侧
深圳伊特沃科技有限公司,50万元人民币,深圳市福田区华强北街道华强北路群星广场A座1617
安庆市壹聪医疗科技有限公司,50万元人民币,安徽省安庆市怀宁县高河镇龙山路和谐家园小区N#楼107铺
广东天正医疗科技有限公司,500万元人民币,广东省东莞市黄江镇社贝路153号1栋301室
安徽新脸面防护用品有限公司,500万元人民币,安徽省安庆市潜山市黄铺镇开发区
恩平市奥达电子科技有限公司,200万元人民币,恩平市平石开发区飞鹅东路16号(经营场所:恩平市江门产业转移工业园恩平园区二区B3厂房一三楼)
惠州市晟发化工有限公司,10000万元人民币,惠阳区淡水南亨西路6号(百利宏控股大厦)(仅作办公使用)
泉州骏鹏商贸有限公司,100万元人民币,福建省泉州市鲤城区江南街道王宫社区火炬街167号A栋
青岛弘耀浩裕建材有限公司,100万元人民币,山东省青岛市胶州市里岔镇董家村村北
百润医疗科技（深圳）有限公司,100万元人民币,深圳市龙华区观湖街道松元厦社区河南新村223-1号301
桐城市顺力防护用品有限公司,100万元人民币,安徽省安庆市桐城市青草镇三星村中心10号
桐城市顺伟防护用品有限公司,150万元人民币,安徽省安庆市桐城市青草镇江岭村元庄组27号
宝鸡兴育通达物资有限公司,3000万元人民币,陕西省宝鸡市陈仓区千渭水莲路西侧
安庆胜芳医疗器械科技有限公司,100万元人民币,安徽省安庆市怀宁县月山镇月山工业小区1幢
桐城市华尔防护用品有限公司,100万元人民币,安徽省安庆市桐城市青草镇朝阳村三益组20号
深圳市丰诺科技有限公司,1000万元人民币,深圳市宝安区航城街道三围社区航空路华丰智谷-航城高科技产业园A座3层311
安徽康球医疗科技有限公司,500万元人民币,安徽省安庆市怀宁县高河镇振宁路6-10号
安徽世安康医疗科技有限公司,500万元人民币,安徽省安庆市怀宁县高河镇查湾村新村组
青岛厚海德鑫商贸有限公司,600万元人民币,山东省青岛市平度市经济开发区青啤大道32号
安徽益创卫生用品有限公司,600万元人民币,安徽省安庆市怀宁县工业园月山大道旁电子精密仪器专业园
威海海纳斯生物科技有限公司,50万元人民币,威海高区世昌大道-97号
安徽明金医疗科技有限公司,500万元人民币,安徽省安庆市怀宁县高河镇经一路与纬六路交叉口金瓯置业有限公司
东莞市顺遂医疗用品有限公司,20万元人民币,广东省东莞市南城街道胜和路3号4栋1516室
安徽盛欣医疗器械科技有限公司,500万元人民币,安徽省安庆市潜山市源潭镇经济技术开发区16号
秦皇岛泰治医疗科技有限公司,2000万元人民币,河北省秦皇岛市海港区东部循环经济园中小企业孵化基地5号
桐城市小燕子防护用品有限公司,80万元人民币,安徽省安庆市桐城市文昌街道石河村新屋组6号
保定克莱瑞户外用品制造有限公司,50万元人民币,白沟镇涿白公路东侧
辽宁恒智贸易有限公司,500万元人民币,辽宁省朝阳市高新技术产业开发区新能源电器产业集群二期5号标房第1层
安徽京达医疗科技有限公司,500万元人民币,安徽省安庆市怀宁县工业园里仁路8号
安徽省荣茂泰医疗科技有限公司,500万元人民币,安徽省安庆市怀宁县高河镇工业小区
安徽恒皓医疗科技有限公司,500万元人民币,安徽省安庆市怀宁县高河镇稼先路191号
安徽富潜劳保用品有限公司,500万元人民币,安徽省安庆市潜山市梅城镇高集村花屋组12号
河南飞亚医药科技有限公司,500万元人民币,河南省洛阳市伊滨区诸葛镇顾龙公路南侧8号(洛阳翰昌服饰有限公司院内)
安徽泰缘医疗科技有限公司,500万元人民币,安徽省安庆市怀宁县高河镇高河大道天美汽贸厂B区
冠卓医疗健康科技（深圳）有限公司,1000万元人民币,深圳市宝安区松岗街道红星社区松明大道168号219房
深圳市沐生商贸有限公司,100万元人民币,深圳市福田区园岭街道鹏盛社区八卦二路八卦岭工业区614栋507
潜山县雨辰刷业有限公司,588万元人民币,安徽省安庆市潜山县源潭镇双峰工业区
东莞市至上科技有限公司,50万元人民币,广东省东莞市虎门镇赤岗富马二路3号1栋101室
深圳市鑫浩燃贸易有限公司,50万元人民币,深圳市龙华区大浪街道同胜社区三合华侨一区华荣路58-61号龙兴商业大厦6099
天长市天凌工贸有限责任公司,50万元人民币,安徽省天长市界牌镇绿化村许庄队
桐城市琦祥劳保用品有限公司,100万元人民币,安徽省安庆市桐城市青草镇朝阳村三屋组16号
抚顺市悦盛工业滤布厂,,辽宁省抚顺市顺城区会元乡马金村
深圳尼戴克箱包有限公司,100万元人民币,深圳市罗湖区东晓街道东晓社区东晓路3051号布心特力工业区6-7栋401
江苏科来材料科技有限公司,1000万元人民币,常熟市常福街道联丰路68号4幢
安徽熙美医疗科技有限公司,500万元人民币,安徽省安庆市怀宁县高河镇黄梅路51号
怀宁县天园包装有限公司工业园分公司,,安徽省安庆市怀宁县工业园纬十三路与洪桥路交叉口
融鹏步科技（惠州）有限公司,100万元人民币,惠州仲恺高新区陈江街道正大路12号(厂房二)第三层
安徽杨宁医疗科技有限公司,500万元人民币,安徽省安庆市怀宁县工业园陶亭路5号
桐城市康顺防护用品有限公司,60万元人民币,安徽省安庆市桐城市青草镇里仁村16号
广东华胜安医疗科技有限公司,550万元人民币,广东省东莞市厚街镇汀山广场北三路2号2号楼601室
山东宜一健康产业有限公司,500万元人民币,泰安市泰山区岱宗大街26号华府天地A栋103号房
安徽康之悦医疗科技有限公司,500万元人民币,安徽省安庆市怀宁县茶岭镇茶岭村学堂组
安徽泛景医疗科技有限公司,1000万元人民币,安徽省安庆市潜山市梅城镇皖潜大道496-2号
桐城市明迪防护用品有限公司,500万元人民币,安徽省安庆市桐城市新渡镇罗潭居委会林场1号
吉林省奥康医药科技有限公司,1500万元人民币,长春市绿园区绿园经济开发区西景路299号
无锡众望四维科技有限公司,500万元人民币,无锡市锡山经济开发区芙蓉中三路99号
安徽康鸿医疗科技有限公司,500万元人民币,安徽省安庆市怀宁县工业园月山大道旁电子精密仪器专业园A12栋
青岛美致莱家居用品有限公司,100万元人民币,青岛市即墨区蓝谷高新区高新七路68号
商洛康利华医疗用品有限公司,300万元人民币,陕西省商洛市商州区沙河子镇红光村商州区产业脱贫示范园西区1号厂房
安庆康永乐医疗科技有限公司,200万元人民币,安徽省安庆市怀宁县工业园里仁西路168号
东莞市邦尔康医疗科技有限公司,100万元人民币,广东省东莞市常平镇环常北路568号珠宝城文化产业园3栋209室
深圳市睿华生物科技有限公司,100万元人民币,深圳市罗湖区莲塘街道仙湖社区国威路36号莲塘第一工业区135栋202
深圳市步睿特科技有限公司,100万元人民币,深圳市龙岗区南湾街道丹竹头社区立信路91号2B栋4楼
海南欣安生物制药有限公司,3000万元人民币,海南省澄迈县老城工业开发区工业大道16号
襄阳丰百利包装材料有限公司,60万元人民币,襄阳市高新区七里河路
东莞康盈医疗科技有限公司,50万元人民币,广东省东莞市厚街镇厚街南环路5号2号楼401室
泉州若薇贸易有限公司,50万元人民币,福建省泉州市南安市仑苍镇仑苍新村42号
义乌市备咖贸易商行（普通合伙）,20万元人民币,浙江省义乌市银海路235号6-7楼
天长市美美口罩有限公司,1000万元人民币,天长市冶山镇汴桥村
潜山市小巨人刷业有限公司,150万元人民币,安徽省安庆市潜山市源潭镇双峰工业园
青岛海顿科技有限公司,100万元人民币,青岛市市南区广西路14号四号楼03室
安庆市博宜医疗科技有限公司,200万元人民币,安徽省安庆市怀宁县工业园月山大道电子精密仪器专业园10号楼
深圳市乾泰投资咨询有限公司,300万元人民币,深圳市南山区招商街道欢乐海岸蓝楹国际商务中心5F西区5-7
东莞市永枫医疗科技有限公司,50万元人民币,广东省东莞市大岭山镇横镇东路223号3栋203室
深圳市安汇丰达智能装备有限公司,3000万元人民币,深圳市宝安区沙井街道马安山社区马安山鞍胜路25号A栋301
东莞市迎康松日用品有限公司,200万元人民币,广东省东莞市厚街镇岳范山公园二环路1号101室
安庆康文医疗科技有限公司,200万元人民币,安徽省安庆市怀宁县马庙镇汪洋大道2号楼
深圳市鼎达科技有限公司,1000万元人民币,深圳市南山区西丽街道高新北二道15号金汇球大厦2楼西侧
天长市博欣汽车用品科技有限公司,100万元人民币,天长市仁和集镇东风村
安徽优兰特防护用品有限公司,1000万元人民币,安徽省安庆市桐城市青草镇陶冲开发园区8号
安徽清沐医疗科技有限公司,500万元人民币,安徽省安庆市潜山市梅城镇天柱路999号
潜山市隆宇劳保用品有限公司,100万元人民币,安徽省安庆市潜山市源潭镇双林路18号
泉州太阳花卫生用品有限公司,50万元人民币,福建省泉州市洛江区罗溪镇翁山村山边42号
上饶市骏阁科技有限公司,500万元人民币,江西省上饶市铅山县永平镇三里亭刚华米厂内
安徽斯科布鲁环保科技有限公司,500万元人民币,安徽省桐城市文昌工业园新206国道北侧
天长市金研电子有限公司,100万元人民币,天长市秦栏镇庆祝村正隆路
圆周率实业（深圳）有限公司,100万元人民币,深圳市龙岗区平湖街道平湖社区平安大道1号华南城铁东物流区12栋706
和平县弘顺医疗用品有限公司,100万元人民币,和平县阳明镇福和产业转移园工业五路C-03-03-03-01号一楼
高密市和裕劳保用品有限公司,100万元人民币,山东省潍坊市高密市经济开发区李家疃村302号
河南国药福芯科技产业发展有限公司,1000万元人民币,河南省郑州市惠济区新城路北、创境南街东睿谷三区4号楼4层401室
临沂益惠商贸有限公司,10万元人民币,山东省临沂市兰陵县经济开发区迎宾路与抱犊崮路交汇处西南角
安徽义林塑业有限公司,2180万元人民币,安徽省安庆市怀宁县金拱工业小区
山东弘茂纺织品有限公司,500万元人民币,山东省聊城市茌平区杜郎口镇西大刘村(鑫州工业园16号)
安徽霸龙医疗科技有限公司,700万元人民币,安徽省安庆市潜山市源潭镇赵冲村新楼组04号
惠盈（深圳）大健康产业集团有限公司,3000万元人民币,深圳市南山区西丽街道丽城社区留仙大道1359号众冠大厦803
深圳市锦健科技有限公司,2000万元人民币,深圳市罗湖区桂园街道松园社区笋岗东路3013号长虹大厦1115
安庆市宏昊服饰有限公司,50万元人民币,安徽省安庆市大观区德宽路213号
铁岭巨州电力设备制造有限公司,10000万元人民币,铁岭经济开发区桑园岭分场
安徽昱欣卫生材料有限公司,500万元人民币,安徽省安庆市潜山市梅城镇皖潜大道7号
贵州沪铜新型材料科技有限公司,1000万元人民币,贵州省铜仁市高新技术产业开发区工业园区内
深圳市法施特道具有限公司,20万元人民币,深圳市龙华新区观澜牛湖老村兴业北路E栋501
广东睿富科技有限公司,500万元人民币,广东省东莞市桥头镇华富南路二巷12号102室
菲尔普斯（山东）纳米材料有限公司,1000万元人民币,山东省德州市平原县经济开发区民生北路(高端装备制造园区)
纬通国际商贸（深圳）有限公司,500万元人民币,深圳市宝安区西乡街道河西社区青春庭园42
天长市旭康电子有限公司,50万元人民币,天长市秦栏镇第二工业园区
安徽富潺科技有限公司,500万元人民币,安徽省马鞍山市含山县仙踪镇桥头588号
漳州华锐锂能新能源科技有限公司,8000万元人民币,福建省漳州市云霄县云陵工业开发区
甘肃华盛康泰药业有限公司,12000万元人民币,甘肃省庆阳市西峰区岐黄大道董志镇工业园区
山东美珠商贸有限公司,1000万元人民币,山东省潍坊市坊子区长宁街与七马路交叉口东南50米1号楼东12号
安徽予爱婴童用品有限公司,1000万元人民币,安徽省安庆市怀宁县工业园月山大道电子机械产业园B7#厂房
漯河健是纲科技有限公司,1000万元人民币,河南省漯河市召陵区东城产业集聚区桃园路北侧6幢101号
深圳市恒芯晶圆科技有限公司,500万元人民币,深圳市龙岗区坂田街道象角塘社区宝吉路16号福民达科创中心四层402
深圳市锦怡科技有限公司,100万元人民币,深圳市福田区沙头街道新华社区新洲十一街139号中央西谷大厦509-2
深圳市泰普环保科技有限公司,100万元人民币,深圳市坪山区龙田街道老坑工业区二巷1号
济南成东机械制造有限公司,1000万元人民币,山东省济南市章丘区曹范街道潘王路与旅游路交叉口北
山东润君机械设备有限公司,1000万元人民币,山东省济南市天桥区梓东大道299号鑫茂齐鲁科技城8号楼501室
广西恒昇医疗器械有限公司,800万元人民币,南宁市洪胜路11号5号生产车间二层
中升华健康医疗科技有限公司,8666万元人民币,郑州市中牟县德方街3号
福建省迈迪宏星医疗科技有限公司,1000万元人民币,长汀县腾飞6路1号8幢301室
湖南维宏实业有限公司,8000万元人民币,湖南省邵阳市双清区昭陵西路和顺华府2栋301号
中山龙族自动化科技有限公司,1000万元人民币,中山市西区金昌工业路39号厂区1号厂房第二层之一
合肥盐通材料科技有限公司,100万元人民币,合肥市庐阳区淮河路336号18幢602室
昆明鸿升齐旺工贸有限公司,1100万元人民币,云南省昆明市晋宁工业园区晋城片区
惠州市润众供应链管理有限公司,2000万元人民币,惠州市水口镇龙津村姚屋村小组地段同健(惠阳)电子有限公司厂房
绍兴秀拉针织有限公司,80万元人民币,浙江省绍兴市越城区东堰村1幢车间一3楼301室
深圳市酷里南发展有限公司,100万元人民币,深圳市福田区华富街道田面社区深南中路4018号田面新村36栋904
深圳市仲一网络科技有限公司,100万元人民币,深圳市宝安区松岗街道楼岗大道万华公寓426
东莞市利泽斯进出口有限公司,500万元人民币,广东省东莞市南城街道宏图路86号4栋1411室
安徽郑重医疗科技有限公司,3000万元人民币,天长市西城区经四路东、天汊路南
安徽新虹新材料科技有限公司,800万元人民币,安徽省宿州市泗县开发区管委会南二环路南侧
安徽博斯盾医疗科技有限公司,500万元人民币,安徽省安庆市潜山市经济开发区天柱山科技园B11-2
南京意西欧环境科技有限公司,300万元人民币,南京市江宁区高新园天元东路1009号
成都赛昂电子科技有限公司,2000万元人民币,成都崇州经济开发区青年(大学生)创业园
安徽沃尔本卫生材料有限公司,500万元人民币,安徽省安庆市怀宁县金拱镇七里居委会009号
江阴市振东无纺布制品有限公司,51万元人民币,江阴市华士工业园(二建机园区)
南京斯瑞奇医疗用品有限公司,1000万元人民币,南京市高淳经济开发区竹山路5号
广东汇健医疗器械有限公司,500万元人民币,广东省东莞市万江街道万江大新路221号101室
安徽源安卫生用品有限公司,500万元人民币,安徽省安庆市潜山市源潭镇循环经济产业园2号楼
安徽洛丝卫生用品有限公司,500万元人民币,安徽省安庆市宜秀区大桥街道加宝工业园D1二楼
安徽合宜新材料有限责任公司,500万元人民币,安徽省安庆市怀宁县工业园月山大道东003号
安徽省昊宇纸塑制品有限公司,500万元人民币,安徽省安庆市怀宁县高河镇雄山东路005号
安庆市旭昇建筑材料有限公司,50万元人民币,安徽省安庆市怀宁县高河镇万兴村西庙组033号
深圳市佳泰行科技有限公司,100万元人民币,深圳市福田区华强北街道福强社区华发北路1号龙胜AB座4层4C46
安徽天之利卫生材料有限公司,680万元人民币,安徽省安庆市怀宁县金拱镇人形河大道合安怀宁出口处
安徽省正德健和进出口贸易有限公司,800万元人民币,安徽省安庆市潜山市开发区八一市场C17幢106号
安徽省庆佳卫生用品有限公司,580万元人民币,安徽省安庆市怀宁县工业园石牌大道088号
深圳市宏美世纪科技有限公司,500万元人民币,深圳市龙华新区大浪街道高峰社区上早大厦A1207
安徽省洁雅卫生用品有限公司,500万元人民币,安徽省安庆市怀宁县金拱镇206国道万胜国际城C1大楼
安徽省卫士卫生材料有限公司,500万元人民币,安徽省安庆市怀宁县金拱镇金拱街道七里居委会009号
安徽涵亮劳保用品有限公司,500万元人民币,安徽省安庆市潜山市梅城镇幸福路58号
安徽捷瑞刷业有限公司,667万元人民币,安徽省安庆市潜山市开发区嘉宜科技园潜阳区1-2-602室
东莞市弘康医疗科技有限公司,500万元人民币,广东省东莞市樟木头镇樟木头滨河路28号
安徽金康源卫生材料有限公司,500万元人民币,安徽省安庆市怀宁县金拱镇兴胜村王屋组206国道旁
深圳市朝辉工业辅料有限公司,100万元人民币,深圳市龙华新区大浪街道三合华侨新村二区5栋5号306室
河南花骨朵儿装饰材料有限公司,500万元人民币,巩义市紫荆路北段
河南茂崇医疗器械有限公司,800万元人民币,河南自贸试验区郑州片区(郑东)金水东路80号3号楼9层904
深圳市立明堂贸易有限公司,200万元人民币,深圳市龙岗区吉华街道三联社区龙景三区一巷32号501
玛腾康医疗器械科技（深圳）有限公司,600万元人民币,深圳市光明区凤凰街道凤凰社区汇通路7号万和科技大厦A栋万和科技大厦八层826
黑龙江易佳信医疗科技有限公司,500万元人民币,哈尔滨市道里区爱建路66号中兴家园物业21号楼4楼—17区
汕头市双凤实业有限公司,500万元人民币,汕头市潮阳区和平镇凤皋工业区
河南魅扬医疗器械有限公司,100万元人民币,河南省新乡市长垣市张三寨镇张南村684号
深圳市祺升箱包制品有限公司,100万元人民币,深圳市光明新区公明办事处楼村社区鲤鱼河工业区振兴路29号第1栋五楼A段
南宫市天泓医疗科技有限公司,500万元人民币,河北省邢台市南宫市经济开发区普彤街
安徽银球卫生用品有限公司,500万元人民币,安徽省安庆市怀宁县高河镇永宁大道职教中心院内
安徽浩晨新材料有限公司,500万元人民币,安徽省安庆市桐城市青草镇江岭工业园
安徽西乡风情生态农业发展有限公司,1320万元人民币,桐城市青草镇陶驿村六组
沈阳子瑞商贸有限公司,50万元人民币,沈阳市皇姑区鸭绿江街61-1号521室
天长市长富电子有限责任公司,100万元人民币,安徽省天长市芦龙乡天扬路龙桥河边
深圳市辉速达供应链信息管理有限公司,1000万元人民币,深圳市福田区华强北街道福强社区深南中路2070号电子科技大厦C座13B2
安徽孟辉防护用品有限公司,500万元人民币,安徽省安庆市桐城市黄甲镇黄铺村18号
桐城市意胜康防护用品有限公司,600万元人民币,安徽省安庆市桐城市范岗镇石井铺村
安徽源徽医疗科技有限公司,508万元人民币,安徽省安庆市潜山市梅城镇彭岭村兴隆组10号
安徽森盛新材料有限公司,500万元人民币,安徽省安庆市桐城市青草镇工业园区
优选服饰（深圳）有限公司,500万元人民币,深圳市福田区梅林街道上梅社区梅华路北东方富苑裙楼202B-45
肇庆市兴莉美织造有限公司,12000万元人民币,肇庆市鼎湖区新城工业区(兴文塑胶五金制品有限公司厂房二)
深圳市名星国际美姬馆连锁管理有限公司,50万元人民币,深圳市罗湖区南湖街道深南东路4003号世界金融中心B座1121
深圳慕格文化传播有限公司,50万元人民币,深圳市龙岗区龙城街道龙岗区中心城万象天成1栋2015
河南世本医疗器械有限公司,100万元人民币,河南省商丘市睢阳区经四路西侧产业集聚区俊梵家居产业园
安徽嘉瑞斯劳保用品有限公司,500万元人民币,安徽省安庆市潜山市梅城镇潜阳路1号F1栋三楼
深圳纺元科技有限公司,1000万元人民币,深圳市盐田区沙头角街道田心社区粤和街6号东和工业大厦B座5楼502
焦作市鑫辉物流有限公司,300万元人民币,博爱县柏山镇柏山村华南路115号
天长市明洁实验设备销售有限公司,100万元人民币,天长市秦栏镇白马村
安徽皖兴防护用品有限公司,500万元人民币,安徽省安庆市潜山市开发区华瑞路88号
深圳安洁医疗防护用品科技有限公司,100万元人民币,深圳市宝安区石岩街道应人石社区外贸工业区友晟厂办公楼二层
临沂商谷医疗器械有限公司,50万元人民币,山东省临沂市郯城县郯东路23号
安庆锦天卫生材料有限公司,50万元人民币,安徽省安庆市怀宁县工业园三桥路5号
深圳市杰诚通电子有限公司,50万元人民币,深圳市龙华新区大浪街道高峰社区华荣路33号亿康商务大厦A栋11208室
安徽挺康医疗器械有限公司,900万元人民币,安徽省安庆市大观区玉琳路251号
山东省彭澎国际贸易有限公司,9900万元人民币,山东省德州市德城区新湖街道办事处柴市街服装城317-318号
青岛万邦恒鑫工艺品有限公司,50万元人民币,青岛胶州市李哥庄镇大窑村299号
山东精雕智能科技集团有限公司,5000万元人民币,山东省济南市天桥区大桥镇靳家大桥供销社东院内东厂房
四川妙雨医疗用品有限责任公司,1000万元人民币,四川省成都市大邑县青霞街道孟湾东道318号
山西太山卫生医疗器械用品有限公司,1000万元人民币,山西综改示范区太原唐槐园区龙盛街金枫会议中心东面院内
沈阳东奕日盛生物科技有限公司,50万元人民币,辽宁省沈阳市法库县孟家乡孤树子村
桐城市起之航防护用品有限公司,200万元人民币,安徽省安庆市桐城市青草镇陶驿村费庄队
东莞市安普哲健康发展有限公司,300万元人民币,广东省东莞市樟木头镇金河金岭路70号3栋302室
广东顺华供应链管理有限公司,1000万元人民币,广东省东莞市厚街镇汀山广场北四路1号1号楼201房
安徽舒芳雅服饰有限公司,650万元人民币,安徽省安庆市潜山市余井镇田乐东街05号
惠州焱盛五金电子有限公司,50万元人民币,博罗县石湾镇源头管理区梅严大道
深圳合尊实业有限公司,1000万元人民币,深圳市南山区粤海街道科苑路科兴科学园B3-505
山东道恩高分子材料股份有限公司,40702.75万元人民币,山东省龙口市振兴路北首道恩经济园工业园区
怀宁县马庙镇白马塑料厂,,安徽省安庆市怀宁县马庙镇洪桥村
深圳市创源塑胶模具制品有限公司,30万元人民币,深圳市龙岗区平湖街道供销社工业园六栋一楼
深圳市知燚包装有限公司,100万元人民币,深圳市龙岗区宝龙街道同德社区池屋工业区20号202
安徽皖福防护用品有限公司,500万元人民币,安徽省安庆市潜山市源潭镇源潜路168号
广西壹拾柒医疗器械有限公司,7200万元人民币,广西壮族自治区崇左市天等县天等镇返乡创业园水库移民工贸创业园2#1栋二楼
高密市盾优劳保用品厂,,山东省潍坊市高密市朝阳街道密水大街1738号
深圳市含晶光电有限公司,1080万元人民币,深圳市宝安区石岩街道松白路边A栋四楼
广东万德新材料有限公司,1000万元人民币,广东省东莞市黄江镇黄江东环路70号3栋202室
郑州市爱乐威医疗科技有限公司,1000万元人民币,河南省郑州市登封市中岳街道产业聚集区A区4号楼
安徽省丰东共生医疗器械有限公司,5000万元人民币,安徽省淮南市潘集区古沟回族乡农民工创业园
长垣市中祥贸易有限公司,3000万元人民币,河南省新乡市长垣市蒲西区博爱路西侧4幢103号
广东雅莉欧实业有限公司,5000万元人民币,揭阳空港经济区渔湖镇仁和工业区
深圳市克莱鹏科技有限公司,600万元人民币,深圳市宝安区沙井街道沙一社区长兴科技园第23栋二层
桐城市卫民防护用品有限公司,100万元人民币,安徽省安庆市桐城市青草镇朝阳村小湾20号
国龄商业保理有限公司,10000万元人民币,深圳市前海深港合作区前湾一路1号A栋201室(入驻深圳市前海商务秘书有限公司)
深圳市九州隆泰供应链有限公司,2000万元人民币,深圳市福田区莲花街道福中社区生命人寿大厦六层03A室
小达人智能科技（深圳）有限公司,3000万元人民币,深圳市龙岗区龙城街道龙岗天安数码创新园一号厂房A403
安徽金皖竹业有限公司,500万元人民币,安徽省安庆市潜山市源潭镇源潜路139号
深圳市轩唐联动科技有限公司,800万元人民币,深圳市龙岗区平湖街道禾花社区深圳市龙岗区平湖街道平新北路华南西苑一期3栋1910
上海翰册塑料科技有限公司,2000万元人民币,上海市金山区石化卫五北路天峨路38号
天长市康贝莱医疗用品有限公司,100万元人民币,天长市秦栏镇寿昌社区
广东爱康口罩有限公司,600万元人民币,广东省东莞市虎门镇海运路42号201房
安徽德瑞康卫生用品有限公司,500万元人民币,安徽省安庆市怀宁县工业园独秀大道北15号
天长市雅诺医疗用品有限公司,500万元人民币,天长市经济开发区天叉路北交通器材厂西侧
聊城祥瑞酒店管理有限公司,560万元人民币,山东省聊城市东昌府区柳园办事处健康南路75号健康浴池3层306号商业房
桐城市宏林防护用品有限公司,50万元人民币,安徽省安庆市桐城市青草镇沙铺村永红组01号
上海博格工业用布有限公司,3660万元人民币,青浦区重固镇北青公路7351号
深圳叶氏启恒印刷科技有限公司,2000万元人民币,深圳市龙华区大浪街道美宝路北段玉壶工业区1号
江西省胡一刀实业有限公司,1500万元人民币,江西省上饶市铅山县铅山县工业园区
广东省大四喜医疗器械有限公司,500万元人民币,广东省东莞市沙田镇明珠路38号2号楼301室
高密市绿州医疗器械有限公司,600万元人民币,山东省潍坊市高密市高密经济开发区康城大街东6588号
安徽明轩防护用品有限公司,500万元人民币,安徽省安庆市潜山市源潭镇双林村1号
深圳市克莱尔净化设备有限公司,500万元人民币,深圳市光明新区马田街道新庄社区新围第一工业区B1小区32号
深圳市兰希数码科技有限公司,100万元人民币,深圳市龙岗区平湖街道平湖社区竹高塘路88号大皇公工业区第7栋A栋506
青岛百康顺医疗用品有限公司,500万元人民币,山东省青岛市莱西市上海路1号乐好工业园
东莞市旭远电子科技有限公司,588万元人民币,广东省东莞市道滘镇扶屋水新兴路1号1栋302室
深圳市盛杰澄医疗科技有限公司,600万元人民币,深圳市福田区福田街道福安社区福华一路1号深圳大中华国际交易广场2807-2811-2
宝鸡鑫顺服务管理有限公司,500万元人民币,陕西省宝鸡市陈仓区千渭街道办事处光芒村宝鸡港务区物流电商大厦903号
深圳锐朗光电有限公司,318万元人民币,深圳市龙华新区东环二路颖博工业园1栋2楼
安徽威加海实业有限公司,5000万元人民币,安徽省安庆市潜山市源潭镇源潭大道118号
中资铭峰新能源科技有限公司,20000万元人民币,江西省鹰潭市高新技术产业开发区炬能五路1-1110号
安徽诚诺汽车配件有限公司,500万元人民币,安徽省安庆市怀宁县金拱镇人形河社区人形河街道2号
山东威诺纳米科技有限公司,1350万元人民币,山东省德州市经济技术开发区袁桥镇崇德五大道2999院内2号车间
潍坊鑫洋供应链管理有限公司,1000万元人民币,山东省潍坊市寿光市洛城街道万华·金融财务中心B座13层HL13-02号
潜山市求中防护用品有限公司,100万元人民币,安徽省安庆市潜山市梅城镇三合村委会四楼408室
深圳市凹凸凹供应链有限公司,1000万元人民币,深圳市宝安区西乡街道臣田社区宝民二路东方雅苑7层C708
安徽港诚国际贸易有限公司,10000万元人民币,铜陵金桥经济开发区
深圳诚管家实业有限公司,100万元人民币,深圳市龙岗区横岗街道六约社区深竹路D2号107
泰翼丰包装科技（深圳）有限公司,1000万元人民币,深圳市龙岗区坪地街道坪西社区吉祥一路11号B栋101
汕头市关护康科技有限公司,200万元人民币,汕头市潮阳区谷饶镇沟南村西二区十巷1号
郑州金康医疗科技有限公司,100万元人民币,郑州航空港经济综合实验区智能终端(手机)产业园22号楼1-5层
小鹰信息科技（深圳）有限公司,114.2857万元人民币,深圳市南山区粤海街道大冲社区大冲商务中心(二期)1栋2号楼21B-A347
桐城市润佳防护用品有限公司,100万元人民币,安徽省安庆市桐城市范岗镇新联村黄屋5号
东莞市骋越贸易有限公司,100万元人民币,广东省东莞市莞城街道东城中路莞城段626号302室
东莞市茂春医疗科技有限公司,150万元人民币,广东省东莞市常平镇东深路常平段302号12号楼
赣州联银复合材料有限公司,1200万元人民币,江西省赣州市经济技术开发区金坪工业园
深圳宜悦通科技有限公司,50万元人民币,深圳市福田区南园街道锦龙社区南园路锦龙新村1栋、4栋爱华南路23号2层d218
安徽正华电气有限公司,2000万元人民币,安徽省安庆市潜山市经济开发区东环路191号
桐城市立彩防护用品有限公司,200万元人民币,安徽省安庆市桐城市范岗镇南工业园
济宁国瑞清洁能源有限公司,3000万元人民币,山东省济宁市任城区南张街道房家村济梁公路29号106室
威海圣宝生物科技有限公司,1000万元人民币,山东省威海临港经济技术开发区苘山镇李俚路-165-6号
深圳市怡万达电子有限公司,300万元人民币,深圳市宝安区西乡街道黄麻布社区勒竹角村横坑工业园九栋三楼
深圳市赟晶科技有限公司,500万元人民币,深圳市龙岗区宝龙街道同德社区吓坑二路26号一楼
天长市利鑫电子商务有限公司,100万元人民币,天长市天长街道二凤社区藕塘小区
深圳市李梁实业有限公司,100万元人民币,深圳市福田区沙头街道新洲社区滨河大道9001号新洲花园9栋805
威海明钰华晟服装有限公司,200万元人民币,威海市威海经济技术开发区统一南路10号二楼(自主申报)
铁岭民联化工有限公司,500万元人民币,铁岭县新台子懿路工业园区
安徽君齐生物科技有限公司,1000万元人民币,安徽省安庆市怀宁县工业园稼先北路9号
沿河惠鑫美商贸有限公司,1000万元人民币,贵州省铜仁市沿河土家族自治县团结街道一恒商业广场B栋
桐城市成林劳保用品有限公司,50万元人民币,安徽省安庆市桐城市新渡镇伊洛村中屋12号
广东大力士医疗器械有限公司,500万元人民币,广东省东莞市石碣镇四甲祥兴街4号101室
深圳市盛久生物科技有限公司,100万元人民币,深圳市龙华区大浪街道新石社区丽荣路9号星光宝工业园301
安徽乡德远医疗科技有限公司,500万元人民币,安徽省安庆市潜山市开发区皖水路71号
安徽瑞豪卫生材料有限公司,500万元人民币,安徽省安庆市潜山市经济开发区嘉宜纺织科技园区A7栋
桐城市中康劳保用品有限公司,800万元人民币,安徽省安庆市桐城市双港镇华猫路22号
哈尔滨骏奕腾科技开发有限公司,500万元人民币,哈尔滨经开区南岗集中区红旗示范新区41-1栋1单元3层3号
内蒙古准康医疗科技有限公司,1200万元人民币,内蒙古自治区鄂尔多斯市准格尔旗大路新区工业园区西区185号底商
安徽天燕医疗科技有限公司,1000万元人民币,安徽省安庆市岳西县毛尖山乡板舍村牛形组
深圳市清祺电子有限公司,300万元人民币,深圳市宝安区松岗街道塘下涌社区第三工业区桂花路1号B栋3楼
山东泰华防护用品有限公司,500万元人民币,山东省潍坊市高密市密水街道拒城河社区振兴街194号
湖南以祥科技有限公司,800万元人民币,湖南省邵阳市邵东县两市塘办事处绿汀大道旁龙腾国际工业园E1栋301号
深圳市鸿晟达电子有限公司,100万元人民币,深圳市福田区华强北街道深南中路佳和华强大厦2楼2A082
深圳质高医疗器械供应链有限公司,800万元人民币,深圳市龙岗区南湾街道上李朗社区平吉大道平朗路9号万国城C座18-A
浙江长宏贸易有限公司,1000万元人民币,浙江省温州市鹿城区黎明工业区58号3楼333室
沈阳市联盛科技有限公司,5000万元人民币,辽宁省沈阳市沈北新区沈北路51号
爱诺刻（深圳）高科有限公司,1000万元人民币,深圳市宝安区西乡街道南昌社区航城大道华丰国际机器人产业园C栋三层311号
河南正源医疗装备有限公司,2000万元人民币,民权县高新技术产业开发区富民六路66号
保定博明箱包制造有限公司,100万元人民币,白沟镇和道国际电商创业园A3-079
深圳市幻月科技有限公司,100万元人民币,深圳市龙华区福城街道茜坑社区观澜大道19号1栋402
深圳市鑫海瑞达电子有限公司,50万元人民币,深圳市宝安区燕罗街道塘下涌社区乐塘路1号厂房一401
勤创（深圳）医疗科技有限公司,6100万元人民币,深圳市前海深港合作区前湾一路1号A栋201室(入驻深圳市前海商务秘书有限公司)
天长市佑利国际贸易有限公司,508万元人民币,天长市永福东路与金集路交汇处天缘商厦B楼122
泉州索爱膜科技开发有限公司,170万元人民币,福建省泉州经济技术开发区玉狮路61-63号
深圳市千德贸易有限公司,20万元人民币,深圳市宝安区沙井街道益华电子批发市场第二层D019档
时代新影文化传播（深圳）有限公司,600万元人民币,深圳市龙华区大浪街道高峰社区南科创元谷2栋125A
桐城市康之达防护用品有限公司,500万元人民币,安徽省安庆市桐城市青草镇青草工业园新建路2号
安徽利山医疗科技有限公司,508万元人民币,安徽省安庆市潜山市梅城镇河庄村村部500米处
北京泰福恒科技发展有限公司,200万元人民币,北京市通州区张家湾镇上店村431号
福建赛昂新材料科技有限公司,2000万元人民币,福建省宁德市寿宁县南阳镇工业园区10号
广东河之源环保科技有限公司,1000万元人民币,惠州市仲恺高新区陈江街道曙光大道大欣集团内一区皓钧第十栋厂房一楼
深圳市兴鸿锋科技有限公司,500万元人民币,深圳市光明新区公明办事处红星社区星工一路9号一楼
合肥世尊网络科技有限公司,100万元人民币,合肥市蜀山区长江西路651号12幢103室
山东震惠恒健康管理有限公司,310万元人民币,山东省青岛市胶州市阜安街道办事处郑州东路39号
安徽五州电商服务有限公司,4600万元人民币,安徽省安庆市宜秀区中山大道99号
珠海市茂德药业有限公司,10000万元人民币,珠海市金湾区红旗镇双林东路3号2栋
湖北茂盛生物有限公司,5000万元人民币,随县厉山镇勤劳社区居委会六组
深圳市万德新材料有限公司,500万元人民币,深圳市光明新区公明办事处楼村社区第二工业区凤新路1号七楼A段
东莞市新泽进出口有限公司,511万元人民币,广东省东莞市南城街道鸿福路200号2栋1单元1206室
烟台同力酒店设备用品有限公司,1000万元人民币,芝罘区幸芝里165号-2
广东力美新材料科技有限公司,1000万元人民币,广东省东莞市常平镇常马路273号
山东健派卫生用品有限公司,300万元人民币,沂水县经济开发区南一环路与振兴路交汇处东南300米
安可利康医疗防护用品科技（山东）有限公司,1000万元人民币,山东省潍坊市高密市柏城镇白杨山工业园区新路西首7号
汕头市迪康科技有限公司,80万元人民币,汕头市潮阳区谷饶镇茂一工业区
桐城市晨铄防护用品有限公司,200万元人民币,安徽省安庆市桐城市青草镇里仁村8号
河南炫奥商贸有限公司,100万元人民币,长垣县丁栾镇关东村116号
广西平南爱盾医疗器械科技有限公司,200万元人民币,广西壮族自治区贵港市平南县工业园区农民工创业园内第3栋第4层和5层
深圳市菲尔康科技实业有限公司,200万元人民币,深圳市宝安区沙井街道中心路新二体育中心综合楼8楼808室
安徽天之一贸易有限公司,500万元人民币,合肥市包河区马鞍山南路760号绿地赢海国际大厦A座2204
东莞市康帅五金制品有限公司,200万元人民币,东莞市长安镇乌沙社区兴四路18号A栋三楼
伊犁弥玥泉生物科技有限公司,1000万元人民币,新疆伊犁州尼勒克县健康路东侧(56-30号)
深圳市莱森特科技有限公司,10万元人民币,深圳市龙华区观澜街道新澜社区布新路138-7号B307
桐城市华权防护用品有限公司,200万元人民币,安徽省安庆市桐城市文昌街道交通村28号
深圳市丰裕工业材料有限公司,100万元人民币,深圳市宝安区新桥街道新二社区新二红巷工业区44栋2楼A01
山东嘉鑫医疗科技有限公司,300万元人民币,山东省滨州市滨城区渤海十路537号新天地生活广场210号
湖北鼎坤防护用品有限公司,1000万元人民币,湖北省十堰市茅箭区东城开发区天津路43号1幢11-3
晋江市檀檀医疗器械有限公司,500万元人民币,福建省泉州市晋江市磁灶镇张林村湖里新村路50号
深圳市尘巧贸易有限公司,100万元人民币,深圳市龙岗区龙岗街道五联社区五联路69号101
中科益华企业管理有限公司,13000万元人民币,深圳市福田区沙头街道天安社区深南大道6027号大庆大厦3101-52
桐城市恒轩汽贸有限公司,90万元人民币,桐城市青草镇陶冲街88号
山东威恒生物科技有限公司,300万元人民币,山东省烟台市福山区门楼镇邱家庄村666号
广西贵港盈天医疗器械有限公司,1006万元人民币,广西壮族自治区贵港市港北区西江产业园贵港国家生态工业(制糖)示范园区8幢5层
湖北安亿压缩机有限公司,2000万元人民币,钟祥市经济开发区西环四路
江苏亿茂滤材有限公司,5764.3313万元人民币,宿迁市宿城经济开发区复旦路北侧
广西天微医疗器械有限公司,1000万元人民币,贺州市生态产业园标准厂房三期三号楼2层
深圳市麦迪森医疗科技有限公司,50万元人民币,深圳市龙华区观澜街道牛湖社区凌屋居民小组A4号101
桐城市宏恒塑业有限公司,1100万元人民币,安徽省桐城市新渡镇西环路
深圳市威尔佳电子商务有限公司,50万元人民币,深圳市龙华新区龙华街道东环一路良基大厦2楼219室
广东荣牌医用新材料科技有限公司,1008万元人民币,佛山市顺德区杏坛镇高赞村委会二环路8号顺德智富园7栋603之一(住所申报)
深圳市欧楚科技有限公司,50万元人民币,深圳市宝安区新安街道大浪社区28区大宝路49号厂房一107
鄂尔多斯市双翼兴能源有限公司,100万元人民币,达拉特旗三垧梁工业园区经十路与纬三路交叉口北100米鄂尔多斯市东磊金属制品有限公司内
东莞派立电子科技有限公司,30万元人民币,广东省东莞市樟木头镇塑胶路1号14号楼108室
深圳市吉利宝投资发展有限公司,100万元人民币,深圳市龙岗区平湖街道平龙东路43号东都公寓315
陕西康乐实业有限公司,1200万元人民币,陕西省西咸新区泾河新城美国科技产业园北区
安徽芨智生物科技有限公司,500万元人民币,安徽省铜陵市枞阳县经济技术开发区汉武产业园
河南儒士林智能科技有限公司,1800万元人民币,河南省新乡市长垣市蒲西博爱路与人民路交叉口向西200米路北
深圳市金泰达供应链有限公司,500万元人民币,深圳市宝安区沙井街道黄浦洪田工业区洪田路1号
岳西县大众生态农业开发有限公司,1010.1万元人民币,岳西县黄尾镇黄尾村枣树新区22号
泸州景宏荟医疗器械设备制造有限公司,100万元人民币,中国(四川)自由贸易试验区川南临港片区鱼塘街道金井街4号附11号
辽宁实发洁净科技有限公司,1800万元人民币,辽宁省丹东市振安区五龙背镇五龙背委煤场(毛绢路815号)
英鸿纳米科技股份有限公司,18635.3095万元人民币,天津市武清区豆张庄乡世纪中路东侧拓展中心A座103-10(集中办公区)
深圳市联标科技发展有限公司,50万元人民币,深圳市龙岗区龙岗街道同乐社区深汕路333号利源大厦4楼401
深圳市中诚富盟科技有限公司,3000万元人民币,深圳市龙岗区龙城街道吉祥社区龙岗大道2286-2292号B516C02
上海华星技术实业公司,150万元人民币,浦东王桥出口加工区20号
安徽来龙展览展示有限公司,500万元人民币,安徽省安庆市怀宁县公岭镇水磨村
深圳市玛盛电子科技有限公司,100万元人民币,深圳市光明区光明街道东周社区光电北路18号金新农大厦702-D003
深圳市钰鑫精密智能制造有限公司,500万元人民币,深圳市宝安区新桥街道万丰社区第三工业区乌泥棚路14-1号201
深圳市特柯黛尔科技有限公司,300万元人民币,深圳市龙岗区龙岗街道龙岗社区宝南路13号方兴科技园A区A6号101
莆田市康腾纸业有限公司,500万元人民币,福建省莆田市城厢区灵川镇何赛南街486号
深圳市众为复实业有限公司,1000万元人民币,深圳市坪山区龙田街道龙田社区同富裕工业区27号301
深圳市亿星商务信息咨询中心,100万元人民币,深圳市龙华区观湖街道松元厦社区向西新围69号405
珠海市金品创业共享平台科技有限公司,29245.33万元人民币,珠海市金湾区联港工业区大林山片区双林东路1号
海南全星制药有限公司,4738万元人民币,海南省海口市保税区A06-2
山东天宸塑业有限公司,5800万元人民币,山东省聊城经济开发区东昌路南庐山路西
广东硕安科技有限公司,8008万元人民币,东莞市长安镇锦厦社区锦源路十巷112号二楼203
深圳斯蒂尔环境技术设备有限公司,500万元人民币,深圳市坪山区龙田街道龙田社区同富裕工业区27栋
杭州宸达新材料有限公司,500万元人民币,杭州余杭经济技术开发区(钱江经济开发区)龙船坞路157号9幢1层
安徽千慧服饰有限公司,500万元人民币,桐城市青草镇朝阳村朝阳组9号
贵港市港投商贸发展有限公司,10000万元人民币,贵港市布山路与仙衣路交汇处西北角、市苗圃地段(天河花园小区5号楼商铺)
濮阳市舒康医疗器械有限公司,300万元人民币,濮阳县梨园乡富民大道北
广东乔零医疗科技有限公司,1413万元人民币,广东省东莞市大岭山镇大岭山湖畔路11号18栋513室
安徽荣跃建设工程有限责任公司,5000万元人民币,安徽省安庆市大观区茅清路10号
沣沣科技有限公司,5000万元人民币,辽宁省沈阳市皇姑区柴河街14号(1-1-1)
深圳市欧仕明科技有限公司,1000万元人民币,深圳市光明新区公明街道将石社区石围大田洋工业区1栋四楼B区
深圳明智日化商贸有限公司,10万元人民币,深圳市福田区福强路与新洲三街交汇处祥云天都世纪大厦30A-11号(仅限办公)
中山市金泰丰电子科技有限公司,100万元人民币,中山市小榄镇九洲基广成路401号第四层
合肥奇全医疗器械有限公司,200万元人民币,安徽省合肥市经济技术开发区海通产业大厦、信息中心及裙楼201
襄阳市威尔仕实业有限公司,300万元人民币,湖北省襄阳市春园西路4号
河北雾孜生物科技有限公司,300万元人民币,河北省辛集市马庄乡马庄村马庄中学南500米路西
成都康吉元商贸有限公司,100万元人民币,成都市武侯区晋吉东二街81号
遵义市睿齐信园林服务有限公司,100万元人民币,贵州省遵义市新蒲新区东联2线三号小区14-1-4号
深圳市金酱酒业销售有限公司,2019万元人民币,深圳市龙岗区平湖街道景新北街27号一楼
江西经典塑业有限公司,1300万元人民币,江西省樟树市城北工业园区
深圳市顺利线业有限公司,100万元人民币,深圳市宝安区松岗街道潭头社区潭头第二工业城A区20栋(潭头工业城一区二十栋)201
安徽天怿达科贸有限公司,100万元人民币,合肥市蜀山区淠河路庐阳佳苑小区21栋106室
深圳市熔腾贸易有限公司,10万元人民币,深圳市宝安区福永街道福永社区一队一巷6号德景大厦1201
安徽省阳明达新材料科技有限公司,960万元人民币,蚌埠市五河县城南工业区兴潼路9-1号
深圳市明佳科技实业有限公司,500万元人民币,深圳市福田区华强北街道荔村社区振兴路金茂礼都A栋、B栋B栋21J
济南真之棒网络科技有限责任公司,1000万元人民币,山东省济南市高新区舜华路2000号舜泰广场1号楼26层B1区A1室
威海煜鹏国际贸易有限公司,50万元人民币,威海经区蓝星万象城-23号-B802
山东道恩国际贸易有限公司,1000万元人民币,山东省龙口市龙口经济开发区桥上村北
深圳市志诚生物科技有限公司,100万元人民币,深圳市龙岗区平湖街道平湖社区竹高塘路1号大皇公工业区第8栋301
安徽华舒矿山机械有限公司,3000万元人民币,安徽省安庆市潜山市梅城镇彰法山路180号
东莞市佳顺达自动化精密机械有限公司,1000万元人民币,东莞市寮步镇西溪村大进工业园芦溪二路38号
深圳市定千亿电子有限公司,1000万元人民币,深圳市宝安区西乡海城路林荣商务大厦209室
安徽傲雪医疗器械有限公司,500万元人民币,合肥市包河区马鞍山南路760号绿地赢海国际大厦A座512
深圳市雅轩美业健康管理有限公司,100万元人民币,深圳市龙华区龙华街道松和社区东环一路108号东环一路108-7号
深圳创博建筑装饰材料有限公司,100万元人民币,深圳市龙华区观澜街道广培社区高尔夫大道5号1312(F07)
青岛华宏奇工贸有限公司,300万元人民币,山东省青岛市即墨区龙山街道办事处高埠洼村村委北100米
青岛元大启航实业有限公司,1118万元人民币,青岛即墨市南泉镇闽龙钢材交易市场D区63号
奥航轩科技（东莞）有限公司,100万元人民币,广东省东莞市大岭山镇莞长路大岭山段761号901室
安徽津致医疗科技有限公司,1000万元人民币,安徽省安庆市潜山市梅城镇河庄村余井大桥西头
深圳市关护康科技有限公司,200万元人民币,深圳市福田区华强北街道福强社区深南中路2070号电子科技大厦B座5层513房
泉州市洪波机械设备有限公司,100万元人民币,福建省泉州市南安市柳城街道滨江路3幢289号店
深圳市襄鹏贸易有限公司,100万元人民币,深圳市福田区福保街道明月社区益田路3013号南方国际广场C、D、B、A、E座A座1001汇展城H02
贵州独角兽科技服务有限公司,100万元人民币,贵州省贵阳市贵阳国家高新技术产业开发区金阳科技产业园标准厂房辅助用房B306室
贵州华圣制药有限责任公司,100万元人民币,贵州省黔西南布依族苗族自治州兴义市马岭镇红星工业园区
深圳泓泽盛科技有限公司,50万元人民币,深圳市宝安区新桥街道新桥社区新和大道6-18号1107
深圳市添亿科技有限公司,100万元人民币,深圳市宝安区沙井街道北环路益华电子批发市场宿舍楼S001
怀宁星农生态农业有限公司,200万元人民币,安徽省安庆市怀宁县马庙镇严岭村
浙江惠丰新材料有限公司,1000万元人民币,浙江省嘉兴市南湖区新丰镇工业园区乍王公路北侧1幢108室
吉林省金德生物制药有限公司,2000万元人民币,通化市辉南县朝阳镇铁北街东昌路8号、通化市辉南县经济开发区(医药产业园)
潜山雨辰环境工程有限公司,588万元人民币,安徽省安庆市潜山县源潭镇经济园区
广东宇星众鼎精密科技有限公司,2000万元人民币,广东省东莞市虎门镇金宁路14号401室
临沂金湖彩涂铝业有限公司,1000万元人民币,山东省临沂市高新区马厂湖镇驻地
秦皇岛京可商贸有限公司,1000万元人民币,河北省秦皇岛市海港区文博城8-10商
安徽省悦安贸易有限公司,500万元人民币,桐城市文昌街道山水龙城社区香水湾B10-307室
青州煜增动力科技有限公司,500万元人民币,山东省潍坊市青州市经济开发区亚东街3399号
暮辉科技（深圳）有限公司,500万元人民币,深圳市宝安区沙井街道辛养社区辛安楼A.B栋A601
广西运保投资有限公司,3000万元人民币,南宁市中泰路9号天健·国际公馆B座1310号
漯河中油销售有限公司,3000万元人民币,漯河市源汇区干河陈南
深圳莱必德科技股份有限公司,3000万元人民币,深圳市坪山区坑梓街道金沙社区东联工业区5号
四川省纺织科学研究院,380万元人民币,成都市青羊区十二桥路2号
深圳市中天会新材料生物科技有限公司,100万元人民币,深圳市宝安区新桥街道新桥社区芙蓉七路4号3栋三层
山东明河药业有限公司,10000万元人民币,山东省聊城市高新区黄河路南、庐山路东1820(19号楼3层东半部)
安庆金佳美商贸有限公司,200万元人民币,安徽省安庆市怀宁县高河镇新山居委会跃进组018号
三联利弘服饰有限公司,5600万元人民币,浙江省宁波市海曙区高桥镇古庵村孙家漕新村14幢1号
安徽鸿宾医药包装有限公司,1888万元人民币,安徽省桐城市金大地工业园
河北驰多加环保科技有限公司,300万元人民币,河北省廊坊市大城县大城工业园区黄得务村
桐城市玉面劳保用品有限公司,100万元人民币,安徽省安庆市桐城市青草镇永庭村燕富
福建追溯科技有限公司,5000万元人民币,泉州市丰泽区浦西万达商业综合体1号建筑(甲级写字楼)2506号
润衍康医疗科技（山东）有限公司,300万元人民币,临沂市兰山区俄黄路马埠岭村
安徽净和医疗科技有限公司,508万元人民币,安徽省安庆市潜山市开发区八一路(嘉宜纺织科技园F4-1层)
辉宏（福建）无纺布集团有限公司,2000万元人民币,福建省南安市康美镇福新工业区
包头市沃基商贸有限公司,100万元人民币,内蒙古自治区包头市昆区乌兰小区一区5号楼101室
中诚教育（深圳）有限公司,66万元人民币,深圳市宝安区福永街道桥头社区蚝业路4铺11号
深圳市杰世通科技有限公司,200万元人民币,深圳市宝安区石岩街道宝石东路76号B栋4楼
安徽竹林医疗科技有限公司,500万元人民币,安徽省安庆市怀宁县公岭镇公岭社区竹林组
桐城吉莉制刷有限公司,20万元人民币,安徽省安庆市桐城市范岗镇髙黄村汪屋5号
深圳利特仁康科技有限公司,300万元人民币,深圳市盐田区沙头角邮电大厦7B
深圳市花式生活健康管理有限公司,50万元人民币,深圳市宝安区福永街道凤凰社区广深路福永段109号锦灏大厦2101
天长市优而宝医疗科技有限公司,200万元人民币,天长市永丰镇民生工业园
山东黑眼珠国际贸易有限公司,500万元人民币,山东省烟台市芝罘区海港路26号阳光壹佰城市广场B座401
保定大红唇商贸有限公司,100万元人民币,河北省保定市白沟新城御龙庭4号楼3单元401号
湖北陶梦电子科技有限公司,1210.5072万元人民币,红安县经济开发区新型产业园
东莞翔能智能科技有限公司,50万元人民币,广东省东莞市常平镇常平新南路107号17栋206室
深圳市迈倍康生物科技有限公司,200万元人民币,深圳市光明区马田街道合水口社区中粮云景广场第5栋806
深圳九赢医疗设备有限公司,5000万元人民币,深圳市南山区西丽街道曙光社区茶光村102号504
深圳鑫金金国际贸易有限公司,100万元人民币,深圳市罗湖区东门街道立新社区人民北路3129号洪湖大厦503
深圳市酷凌科技有限公司,8万元人民币,深圳市龙华区龙华街道油松社区恒丰小区3号楼新中泰工业园6楼602
深圳市众力晟科技有限公司,103万元人民币,深圳市宝安区燕罗街道燕川社区广田路94号厂房A栋501
宝鸡市多吉商贸有限公司,100万元人民币,陕西省宝鸡市陈仓区千渭南环路西段(宝鸡会展会议中心)98号院
广东富兴医疗器械有限公司,1000万元人民币,广东省东莞市寮步镇仁居路1号松湖智谷研发中心2号楼1001室
桐城市浩宇涂装工具有限公司,1500万元人民币,安徽省安庆市桐城市范岗镇紫金鹏电商园
桐城市金江防护用品有限公司,100万元人民币,安徽省安庆市桐城市文昌街道山水龙城龙城路117号
四川汉茂药业有限公司,1000万元人民币,四川省泸州市泸县玉蟾街道新坪路28号
青岛拳王劳保用品有限公司,200万元人民币,青岛市胶州市胶西镇付家村
深圳双龙爱心网络科技投资有限公司,100万元人民币,深圳市龙岗区平湖街道山厦社区中国特产城2110
河南国药福芯科技产业发展有限公司渑池分公司,,河南省三门峡市渑池县仰韶乡科技楼四楼西412号
浙江龙喷科技有限公司,2000万元人民币,浙江省衢州市龙游县模环乡浙江龙游经济开发区北斗大道80-1号富民产业园5号厂房第三层西半边
威海三和兴贸易有限公司,500万元人民币,威海经技区海滨南路-32号三层
石家庄恒光动力科技有限公司,600万元人民币,石家庄市桥西区裕华西路88号
临沭县银盾防护用品厂,100万元人民币,临沭县曹庄镇西山前村
洛阳利沃能源科技有限公司,500万元人民币,河南省洛阳市吉利区大庆路街道中原路东段五区北门对面
山东辰茂新材料科技有限公司,300万元人民币,泰安市岱岳区泮河小镇7号楼3单元1302室
东莞市中豪优美实业有限公司,500万元人民币,广东省东莞市万江街道汾溪路31号201室
吉林省桦树茸药业生物科技有限公司,2000万元人民币,吉林省农安县农安镇榛柴西好来村九社
深圳市富麟隆医疗器械供应链有限公司,500万元人民币,深圳市龙岗区宝龙街道宝荷路振业恋山谷2栋19B
深圳市康祥医药科技有限公司,300万元人民币,深圳市龙岗区横岗街道六约社区埔厦路62号A栋103
深圳市智妍贸易有限公司,50万元人民币,深圳市龙岗区横岗街道红棉社区深峰路2号振业城综合大楼2-14C
浙江大树纺织科技有限公司,1000万元人民币,浙江省绍兴市柯桥区齐贤街道梅林村3幢
康源金丰医药供应链有限公司,5000万元人民币,山东省临沂市高新技术产业开发区太合路1号
深圳市东皇投资有限公司,500万元人民币,深圳市前海深港合作区前湾一路1号A栋201室(入驻深圳市前海商务秘书有限公司)
福泉博达工贸有限责任公司,206.4万元人民币,贵州省黔南布依族苗族自治州福泉市开发区
古国（河南）实业有限公司,5000万元人民币,河南省新乡市长垣市满村镇满村东工业园1号
四川诸子商贸有限公司,500万元人民币,中国(四川)自由贸易试验区川南临港片区云台路一段68号西南商贸城16区B-JY-757号
青岛金天地塑料包装有限公司,150万元人民币,青岛市城阳区流亭街道东流亭社区村委北1000米
中山市慨尔贸易有限公司,10万美元,中山市古镇镇冈东第三工业区华丰街6号2楼之2(住所申报)
深圳市宏信达贸易有限公司,50万元人民币,深圳市福田区华强北街道华强北路华强广场B座11H
山东国仟智能科技有限公司,1000万元人民币,山东省枣庄高新区神工路369号1号楼101室
深圳市迈康瑞科技有限公司,200万元人民币,深圳市福田区福田街道福山社区滨河大道5014号东怡大厦21D
天长市宁北国际贸易有限公司,200万元人民币,天长市炳辉路南冶山路西中地国际城1栋2608
夜话神游（深圳）文旅发展有限公司,1666万元人民币,深圳市福田区福田街道福山社区彩田路2048号福建大厦A座1204-10
深圳市玖玖大禾科技有限公司,100万元人民币,深圳市龙华区民治街道民治社区华侨雅苑A、B栋A101
威海荣熙贸易有限公司,1000万元人民币,山东威海高区文化西路-183号-604
洛阳科维生物科技有限公司,1000万元人民币,中国(河南)自由贸易试验区洛阳片区高新区三山路007号6幢2楼
大厂回族自治县兴诚商贸有限公司,50万元人民币,河北省廊坊市大厂回族自治县夏安南路232、234、236、238、240、242、246、248号
深圳市安洁物业管理服务有限公司,100万元人民币,深圳市龙岗区龙岗街道龙岗社区龙岗大道(龙岗段)6483号欢城广场B座905
深圳大力电池有限公司,100万元人民币,深圳市龙华新区观澜街道高尔夫大道1号比佩亚2号楼二层
淄博新顺和节能材料有限公司,100万元人民币,山东省淄博市临淄区桑坡路71号1楼
深圳市力健医疗器械有限公司,100万元人民币,深圳市宝安区西乡街道劳动社区西乡大道300号华丰金源商务大厦A座615
南通强生石墨烯科技有限公司,1800万元人民币,如东县经济开发区嘉陵江路北侧
濮阳市龙锦网络科技有限公司,50万元人民币,河南省濮阳县富民路东段龙都花园7号楼1单元15层1501号
江西省景柱文旅综合开发有限公司,5000万元人民币,江西省抚州市东乡区杨桥殿宋塘村
深圳市新多佳文具批发有限公司,100万元人民币,深圳市福田区福田街道益田路3013号汇展城C04号
青岛双曦昌盛防护用品有限公司,600万元人民币,山东省青岛市胶州市胶北街道办事处肖家屯村
高密市玉坤广告装饰经营中心,,山东省潍坊市高密市朝阳街道花园街黄金花园58号
深圳市贝塔科技有限公司,200万元人民币,深圳市龙岗区平湖街道新木社区富康路8-5号2-14层3楼305A
深圳和轩科技有限公司,100万元人民币,深圳市坪山区石井街道田心社区同富裕工业区第八栋101
深圳市弘海盈科智能科技有限公司,1000万元人民币,深圳市南山区粤海街道麻岭社区科研路9号比克科技大厦901
上海卓茵医疗仪器有限公司,500万元人民币,上海市奉贤区青村镇钱桥文化路56号
吉林康杰医疗器械有限公司,1000万元人民币,松原市宁江区雅达虹工业集中区
安徽善进体育设施工程有限公司,500万元人民币,安徽省安庆市怀宁县高河镇黄梅路73号
深圳市道新商贸有限公司,30万元人民币,深圳市宝安区松岗街道红星社区西坊十五巷12号101室
贵州锦源诚贸易有限公司,1000万元人民币,沿河土家族自治县团结街道团结大道(水厂旁)
河北一鼎新材料科技有限公司,1000万元人民币,河北省邢台市宁晋县换马店镇北及桥村村东
青岛康菲特医疗科技有限公司,300万元人民币,山东省青岛市市南区山东路46号1003户
泉州健星科技有限公司,1000万元人民币,泉州台商投资区东园镇琅山村小墌9号
深圳市木头人数码科技有限公司,100万元人民币,深圳市龙岗区坂田街道马安堂社区环城南路5号坂田国际中心E栋810
青岛尚瑞康医疗科技有限公司,1000万元人民币,山东省青岛市胶州市大沽河省级生态旅游度假区创新创业服务基地
贵州合瑞医疗器械有限公司,1001万元人民币,贵州省毕节市金海湖新区第一产业园H7栋
宁波高新区零零七工业设计有限公司,10万元人民币,浙江省宁波高新区光华路1号032幢20-6
深圳市红温柔电器科技有限公司,200万元人民币,深圳市福田区福田街道福山社区滨河大道5022号联合广场A座4505-H
广西鼎上荷文化传播有限公司,200万元人民币,贵港市港北区金港大道(财富中心)1幢811号
广东挑菜网生态农业科技有限公司,1000万元人民币,广东省东莞市虎门镇龙泉小区四巷11号
深圳市中益瑞医药科技有限公司,200万元人民币,深圳市福田区园岭街道华林社区八卦路39-2号八卦岭工业区511栋512
东莞维施医疗器械有限公司,150万元人民币,广东省东莞市松山湖园区南山路6号1栋2单元101室
寿光乃鼎机械设备租赁中心,,山东省潍坊市寿光市古城街道怡锦苑社区沿街楼A2-066号
桐城市绿之源环保包装有限公司,200万元人民币,安徽省安庆市桐城市新渡镇西环路110号
深圳市凯夫达针织服装有限公司,100万元人民币,深圳市宝安区西乡街道流塘社区62区麻布村1栋1-3富强大厦510
深圳市速倍云网络科技有限公司,1000万元人民币,深圳市宝安区西乡街道龙腾社区深圳西乡大道与广深公路交汇处西侧满京华艺峦大厦3座1105
深圳市东昌自动化设备有限公司,1000万元人民币,深圳市宝安区福永街道凤凰社区凤业一路3号1层、2层201
江西加力新材料有限公司,5000万元人民币,江西省吉安市安福县高新技术产业园区世纪大道机电产业园内
广东德鑫制药有限公司,4000万元人民币,江门市新会区圭峰山(红旗山)
天长市晶田新能源科技有限公司,30万元人民币,天长市经济开发区纬三路128号
新余弘坤电气有限公司,30万元人民币,江西省新余市仙女湖区仰天岗国际生态城
新疆旺合和核纺织有限公司,500万元人民币,新疆喀什泽普县电子产业园区二期1号
河南普宁堂进出口贸易有限公司,500万元人民币,洛阳市涧西区中州西路与西南环高速交叉口东南地块容威物联壹号楼3层
河南星之博实业有限公司,500万元人民币,河南省郑州市金水区金水路299号浦发国际金融中心816号
石家庄思普达防护用品有限公司,100万元人民币,石家庄高新区湘江道319号天山科技工业园6-3-303
安徽惠名防护用品有限公司,500万元人民币,安徽省安庆市桐城市范岗镇沥岗村棋盘岭工业园
深圳市峰信包材有限公司,100万元人民币,深圳市光明区马田街道马山头社区第五工业区88栋B301
深圳市金域龙贸易有限公司,10万元人民币,深圳市南山区南山街道1004号深意综合楼516
深圳市城大城装饰设计工程有限公司,1300万元人民币,深圳市宝安区沙井街道新桥社区景城花园17栋18A
天长市金禾实验设备科技有限公司,500万元人民币,天长市仁和集镇掌鼓村梁巷队
汝州市博睿斯实业有限公司,200万元人民币,汝州市产业集聚区汽车装备制造产业园
深圳市邦信国际供应链发展有限公司,200万元人民币,深圳市宝安区沙井街道壆岗大道文体中心1栋运华时代20楼11室
山东中元医疗设备有限公司,300万元人民币,山东省临沂市兰山区齐鲁商厦2号楼1107室
山东飘宇防护用品有限公司,1688万元人民币,山东省临沂市临沭县郑山街道金堂街
山东辉驰环保科技有限公司,800万元人民币,临沂市沂南县大庄镇经济开发区驻地南2500米路东
太仓海樱卫生用品有限公司,903.45万元人民币,太仓市陆渡镇三和路
烟台泰康进出口有限公司,100万元人民币,芝罘区华茂街49号21层
深圳市福康耀医疗设备有限公司,50万元人民币,深圳市龙岗区龙城街道黄阁坑社区清林路城投商务中心510
青岛久昶浆纸有限公司,100万元人民币,山东省青岛市市南区香港中路6号A栋1105室
珠海横琴新区墨宝贸易有限公司,1180万元人民币,珠海市横琴新区宝华路6号105室-3748
青岛驻颜工贸有限公司,2700万元人民币,山东省青岛市即墨区青岛硅谷蓝色中心滨海路169号
唐书城,,天长市秦栏镇庆祝村李庄队
盘锦晓洋化工有限公司,500万元人民币,辽宁省盘锦市盘山县沙岭镇文化中心2楼202室
吉林省吉志医药物流有限公司,1000万元人民币,吉林省辽源市龙山区博纳雅居小区A4号楼101、201室(紫堤东郡小区正门北侧)
河南毅文栋医疗器械有限公司,1000万元人民币,河南省郑州市金水区顺河路17号院1号楼1单元1层2号
保定墨兰皮具制造有限公司,100万元人民币,白沟镇富民南路41号
深圳市康瑞达医疗有限公司,50万元人民币,深圳市光明新区公明街道根竹园横坑工业区50栋2楼北面
深圳康飞医疗科技有限公司,500万元人民币,深圳市宝安区松岗街道东方社区广深路松岗段109号金海大厦502
深圳市赛派斯医疗设备有限公司,1000万元人民币,深圳市福田区华强北街道华航社区华富路1006号航都大厦1499
天润恒华（北京）贸易有限公司,1000万元人民币,北京市房山区西潞街道长虹西路73号1幢3层021
黄山鼎瑞新实业有限公司,5000万元人民币,安徽黄山工业园区
洛阳民科生物科技有限公司,1000万元人民币,中国(河南)自由贸易试验区洛阳片区高新区三山路007号1楼102-104
东莞市大地行商贸有限公司,100万元人民币,东莞市南城街道新基社区香园路35号万科769文化创意园4栋4层401
恩平市宏信贸易有限公司,100万元人民币,恩平市横洲里新村D区195号
鞍山和合化工新材料有限公司,266万元人民币,辽宁省鞍山市千山区达道湾镇鲜明村宋朝
深圳钛津实业有限公司,1688万元人民币,深圳市罗湖区笋岗街道笋岗东路3002号万通大厦2011房
宁夏鸿琪商贸有限公司,100万元人民币,彭阳县茹河花园小区1#-营16
深圳市海威新嘉国际货运代理有限公司,500万元人民币,深圳市福田区福保街道明月社区益田路3013号南方国际广场C、D、B、A、E座A座2706
深圳市鑫创达运营管理有限公司,100万元人民币,深圳市龙岗区平湖街道禾花社区富安大道18号亚钢工贸大楼1栋907
安徽信洁康环保科技有限公司,500万元人民币,天长市广陵路南侧东二凤南路西侧嘉福国际商务大厦1205、1206
安徽亿德环保科技有限公司,500万元人民币,安徽省安庆市潜山市双林工业园区02号
鹏星（淄博）模具有限公司,500万美元,淄博市桓台县中心大街聚荣大厦五楼504、505室
贵州水木清华科技有限公司,500万元人民币,贵州省贵阳市贵阳国家高新技术产业开发区金阳科技产业园创业大厦123室
安庆市东楠商贸有限公司,500万元人民币,安徽省安庆市经开区光彩大市场三期东六街155号
深圳市惠海通进出口有限公司,50万元人民币,深圳市龙岗区平湖街道平吉大道北159号恒路E时代1507号
深圳市荣威富达科技有限公司,100万元人民币,深圳市宝安区福永街道白石厦新开发区东区盛基工业园B栋2楼
深圳市智龙电子科技有限公司,50万元人民币,深圳市宝安区西乡街道凤凰岗社区第三工业区A1栋2楼东、B3栋5楼
深圳宇途贸易有限公司,100万元人民币,深圳市龙岗区布吉街道文景社区储运路46号宝安外贸1号楼三层333
深圳汇丰高新实业有限公司,20万元人民币,深圳市宝安区福永街道凤凰第一工业区凤凰大道北A5第五层
多氟多化工股份有限公司,68392.0481万元人民币,焦作市中站区焦克路
中国纺织科学研究院有限公司,70010万元人民币,北京市朝阳区延静里中街3号
东莞市伊尚电子有限公司,100万元人民币,广东省东莞市万江街道金曲路23号1栋202室
智联数字服务科技（深圳）有限公司,100万元人民币,深圳市宝安区新安街道创业路71区D地段(留仙二路一巷16号南天辉创研大厦6楼A08)
烟台汉伊服饰有限公司,72.9万元人民币,山东省烟台市芝罘区卧龙工业园卧龙中路11号
上海睿景医疗器械销售中心,,浦东新区老港镇老芦公路536号
深圳市博立多科技有限公司,100万元人民币,深圳市罗湖区桂园街道桂木园社区桂园路2号电影大厦A栋618
深圳恒达安医疗科技有限责任公司,1000万元人民币,深圳市南山区西丽街道新围社区留仙洞华园工业区D栋厂房五层
天水美通进出口贸易有限责任公司,900万元人民币,甘肃省天水市天水经济技术开发区社棠工业园区众创大厦临5-1-1室
深圳市仙姿生物科技有限公司,100万元人民币,深圳市光明新区马田街道石围社区坪岗大道39号合和工业区A栋3楼
安徽佳创医疗器械有限公司,1008万元人民币,安徽省合肥市经济技术开发区医药健康产业园信息中心裙楼
广西苏骏泽电子科技有限公司,1000万元人民币,南宁市吴圩镇园艺一路52号第13栋第1、2、3、4、5层厂房
深圳寂宇园林景观有限公司,100万元人民币,深圳市坪山区龙田街道龙田社区同富裕工业区27号101
深圳中海信息科技有限公司,1000万元人民币,深圳市宝安区新安街道海旺社区裕安一路3016号尚都1栋二层2A85
深圳市小狮子贸易有限公司,100万元人民币,深圳市龙岗区坂田街道五和社区光雅园九区12号、22号102
深圳市中柏特电子有限公司,50万元人民币,深圳市龙岗区平湖街道禾花社区联港路5号3楼
深圳市深拓电子商务有限公司,50万元人民币,深圳市福田区园岭街道八卦四路中厨大厦4楼412
深圳世纪动力科技有限公司,100万元人民币,深圳市福田区华富街道银华大厦23楼东
深圳市思觉科贸有限公司,200万元人民币,深圳市福田区福保街道益田路3013号汇展城F22档
赛豹科技服务有限公司,5000万元人民币,云南省昆明市西山区福海乡李家地村昆明科桥电脑有限公司综合用地1幢第1层
北京新晟伊鲜网络技术有限公司,1169.5911万元人民币,北京市海淀区中关村东路1号院8号楼地下一层DB107
临沂宏坤医疗防护用品科技有限公司,300万元人民币,山东省临沂市莒南县洙边镇创新创业园西书院村066号
内蒙古好大夫医疗技术有限公司,1000万元人民币,内蒙古自治区呼和浩特市经济技术开发区如意工业新区阳光大街南侧18号
临沂宏亚医疗防护用品科技有限公司,300万元人民币,山东省临沂市莒南县隆山路富源商贸城7号楼103-203号
山西兴华耀世医疗器械有限公司,300万元人民币,山西省太原市古交市梭峪乡会立村聚财煤焦办公楼
湖南金正方电子科技有限公司,5000万元人民币,湖南省怀化市麻阳苗族自治县长寿产业园鸿业楼
河北华强科技开发有限公司,10689万元人民币,河北省衡水市枣强县城东环北路
潜山市万民医药科技有限公司,100万元人民币,安徽省安庆市潜山市开发区八一大道0008号
合肥力综环保科技有限公司,2000万元人民币,安徽省合肥市高新区天智路8号营销楼三层101室
东莞市凯胜商贸有限公司,100万元人民币,广东省东莞市常平镇袁山贝文昌三路20号101室
合肥昕运进出口有限公司,100万元人民币,安徽省合肥市经济技术开发区丹霞路128号莲花智谷创业园F区050
广西壮之云智能科技有限公司,205万元人民币,南宁市邕宁区永福路33号南宁启迪东盟科技城科技研孵中心四层402室
吉林省挺好滴信息技术有限责任公司,100万元人民币,长春市经济开发区机场大路7299号1301-374卡位
深圳市大潮汇汽车服务有限公司,1000万元人民币,深圳市龙岗区宝龙街道南约村联和工业区一区3号二楼203
怀宁三盛服饰有限公司,10万元人民币,安徽省安庆市怀宁县高河镇稼先路333-335号
河源市三同环保科技有限公司,100万元人民币,河源市源城区龙苑开发区西向第13幢第一户(仅供办公场所使用)
河源轩雅电子商务有限公司,100万元人民币,河源市粤赣高速公路白岭头公园拆迁安置点D区西起第一排第15、16卡二楼202室
山东琨达大数据服务有限公司,600万元人民币,山东省烟台市芝罘区机场路281号红星美凯龙建材馆二楼B8001-B8002号
贵州中开生物科技有限公司,1000万元人民币,贵州省贵阳市贵阳国家高新技术产业开发区金阳科技产业园大学生创业园B栋B213室
安徽净斯宇环保工程有限公司,500万元人民币,合肥市包河区长沙路翰林园6栋2单元808
摩宝能源（深圳）有限公司,300万元人民币,深圳市龙岗区园山街道安良社区油田路28号A6栋201
东莞冠扬高新科技有限公司,500万元人民币,广东省东莞市茶山镇二八工业区路1号103室
广东伯仲达科技有限公司,500万元人民币,中山市西区彩虹大道18号之一64卡
淄博屈邦工贸有限公司,1000万元人民币,山东省淄博市张店区人民东路45号
深圳市龙兴纺织有限公司,400万元人民币,深圳市龙华区民治街道白石龙社区逸秀新村46栋华富锦大厦312
深圳市左邦实业有限公司,500万元人民币,深圳市龙岗区南湾街道上李朗社区平吉大道66号康利城1号、2号1号楼901A
深圳市华妮科技有限公司,100万元人民币,深圳市宝安区沙井街道黄埔南洞新村5栋806
深圳市宇轩环保科技有限公司,500万元人民币,深圳市光明新区新湖街道楼村社区第二工业区凤新路1号6楼A区
大潮汇实业投资集团（深圳）有限公司,300万元人民币,深圳市龙岗区宝龙街道南约村联和工业区一区3号二楼204
淮北叁果商贸有限公司,500万元人民币,安徽省淮北市相山区温哥华城三期16栋301号
深圳福帝萌商贸有限公司,50万元人民币,深圳市南山区西丽街道阳光社区阳光二路翻身工业区2栋103
安徽康帛新材料科技有限公司,1000万元人民币,安徽省安庆市桐城市龙眠街道金大地工业园合安路9号
好品（山东）医疗用品有限公司,300万元人民币,临沂市兰山区兰山街道双岭路与琅琊王路交汇鸿儒国际文化广场创客中心1楼1号
工场网贸易（上海）有限公司,135.98万元人民币,上海市长宁区延安西路2201号2层267室
深圳市国璟生物科技有限公司,500万元人民币,深圳市龙岗区平湖街道力昌社区新厦工业城25栋201
北京宝斯特机电技术发展公司,60万元人民币,北京市海淀区永丰乡永丰屯村西北
普利瓦科技（深圳）有限公司,100万元人民币,深圳市宝安区福海街道和平社区重庆路190号卓科科技园B栋201
深圳市盛达寰宇供应链有限公司,500万元人民币,深圳市龙岗区宝龙街道同心社区同心路51号102
广西南宁一促贸易有限公司,500万元人民币,南宁市青秀区汇春路4号金湖大厦10层1003、1005号房
富达瑞商贸（深圳）有限公司,50万元人民币,深圳市龙岗区布吉街道诚信华庭1座9B
青岛美孚乐国际贸易有限公司,100万元人民币,山东省青岛市城阳区城阳街道后田社区1320号
深圳市前海诚德石油化工贸易有限公司,1000万元人民币,深圳市前海深港合作区前湾一路1号A栋201室(入驻深圳市前海商务秘书有限公司)经营场所:深圳市南山区蛇口街道招商东路皇庭港湾商业街103号
深圳仙草堂健康管理有限公司,100万元人民币,深圳市福田区园岭街道长城社区华强北路4002号东门长盛大厦706房
德州永泽医疗科技有限公司,300万元人民币,山东省德州市经济技术开发区袁桥镇东方红东路6596号(中元科技创新创业园) E座S201-G018
青岛普众医疗器械科技有限公司,1000万元人民币,山东省青岛市胶州市李哥庄镇沽河大街101号
深圳市吉欧科技有限公司,100万元人民币,深圳市福田区园岭街道鹏盛社区八卦一路八卦岭工业区618栋7层720
黑龙江省守信科技发展有限公司,10000万元人民币,哈尔滨市道里区哈药路350号1-3层
盘锦优柯石油化工有限公司,5000万元人民币,辽宁省盘锦市盘山县陈家乡郎家村
烟台福业国际贸易有限公司,50万元人民币,山东省烟台市芝罘区万达路104号
合肥宇寰医疗科技有限公司,10万元人民币,安徽省合肥市经济技术开发区蓬莱路2280号4栋厂房
深圳市宏炘国际贸易有限公司,50万元人民币,深圳市宝安区石岩街道浪心社区浪心商业中心B栋201致富电子城2216号
深圳好大一家贸易有限公司,10万元人民币,深圳市南山区南头街道莲城社区深南大道10188号新豪方大厦9B
深圳鸿徽供应链管理有限公司,500万元人民币,深圳市前海深港合作区前湾一路1号A栋201室(入驻深圳市前海商务秘书有限公司)
深圳市诺贝斯瑞科技有限公司,1000万元人民币,深圳市龙岗区横岗街道大康社区龙村龙兴路126号101
山东海泉国际贸易有限公司,1500万元人民币,山东省枣庄市薛城区成龙影院6楼6024室
深圳市星越嘉贸易有限公司,100万元人民币,深圳市龙岗区布吉街道罗岗社区万科红悦花园3栋B座1403
南安凌卓文化创意有限公司,5万元人民币,福建省泉州市南安市梅山镇梅峰村三落178号
河源宝藏电子商务有限公司,50万元人民币,河源市源城区沿江路滨江苑D1001号
绩溪袁稻农业产业科技有限公司,500万元人民币,安徽省宣城市绩溪县华阳镇高迁村(国家粮食储备库)
深圳柯瑞斯医疗器械有限公司,50万元人民币,深圳市坪山区龙田街道龙田社区同富裕工业区27号101
深圳广无边科技有限公司,100万元人民币,深圳市福田区福田街道岗厦社区彩田南路3016号彩天名苑紫藤轩7C
新疆小浣熊节能新材料有限公司,500万元人民币,新疆五家渠军户农场农副产品交易中心检测中心B2号楼203号房
马斯克安防科技（山东）有限公司,600万元人民币,山东省潍坊市高密市朝阳街道荆家庄居民委员会创新大厦(人民大街2569号)
烟台沐欣泽商贸有限公司,490万元人民币,山东省烟台市芝罘区胜利路208号10层1004号
深圳市恒荣兴投资发展有限公司,1000万元人民币,深圳市龙岗区南湾街道香叶路3号荣丰工业园A栋三楼
山东柏盛新材料有限公司,300万元人民币,山东省济南市槐荫区德迈产业园一期21号厂房104号
晏阳实业（深圳）有限公司,100万元人民币,深圳市宝安区新安街道灵芝园社区前进一路78号灵芝轻工楼201
广西东亨科技有限公司,200万元人民币,南宁市金凯路11号荣港城仓储二期1号仓库12楼11-1202号
四川铭诺医疗器械有限公司,100万元人民币,四川省泸州市泸县玉蟾街道新坪路28号12幢1单元
深圳吉米士实业发展有限公司,100万元人民币,深圳市龙岗区布吉街道下水径湖北宝丰工业区五栋三楼302B
河北祥博医疗器械科技有限公司,1800万元人民币,河北省衡水市枣强县中关村产业协同创新基地
深圳市好品无休国际贸易有限公司,50万元人民币,深圳市龙岗区布吉街道吉华路266号海心汇福园A座805
深圳市麟瑞丰科技有限公司,500万元人民币,深圳市罗湖区翠竹街道贝丽南路以西鹏城合正星园B栋11B
戴蒙德能源股份有限公司,10000万元人民币,长春市汽车开发区景阳大路3288号高力北方汽贸城5-19(G19)栋140-3号房
深圳市汉龙贸易有限公司,10万元人民币,深圳市龙岗区布吉街道文景社区储运路46号宝安外贸1号楼三层313
深圳市海慈生物科技有限公司,100万元人民币,深圳市南山区招商街道海月社区海月路43号海月花园一期1栋401
中石化国际事业华南有限公司,5000万元人民币,湛江市赤坎区人民大道北41/43号西粤·京基城首期办公楼2301号办公室
广东长达胜捷物资实业有限公司,1000万元人民币,汕头市龙湖区金砂路161号星湖丽景大厦1层第3幢107之一
深圳市星海雅信净化科技有限公司,1000万元人民币,深圳市龙华新区观澜启明社区裕新路鸿宇发工业园牛湖老一1100048号5楼501
湖南观察者网络信息服务有限公司,1000万元人民币,湖南省邵阳市双清区昭陵西路和顺华府2栋309号
安徽国纳纳米科技有限公司,10000万元人民币,安徽省六安市金安区三十铺镇智能产业园21#1层、2层
深圳市雅娜购电子商务有限公司,5000万元人民币,深圳市罗湖区莲塘街道仙湖社区国威路68号国威商务大厦1901
广东耘信网络科技有限公司,1000万元人民币,东莞市南城区元美路2号财富广场1单元1702
福建省福杯满溢科技有限公司,3000万元人民币,福建省泉州市晋江市永和镇坂头灵石路188号
建华精工电子（深圳）有限公司,100万元人民币,深圳市龙岗区平湖街道凤凰社区凤凰大道450号
深圳极美特科技有限公司,100万元人民币,深圳市龙华区大浪街道浪口社区华盛路45号5号厂房3层
辽宁众拓鑫星贸易有限公司,2000万元人民币,辽宁省沈阳市和平区文萃路24-2号(2-24-2)房间
深圳市利雪茅草瓦有限公司,500万元人民币,深圳市坪山区龙田街道龙田社区同富裕工业区27号101
黑龙江宇威新材料科技有限公司,2020万元人民币,黑龙江省齐齐哈尔市昂昂溪区三间房育才路211号
福建省南平市联韵文化传媒有限公司,300万元人民币,福建省南平市延平区福兴路13号(新城中心御景)3幢16层1604室
深圳市信骋贸易有限公司,100万元人民币,深圳市南山区蛇口街道海滨社区蛇口荣村工业小区7栋南水步行街129-6号
上海全宇生物科技确山制药有限公司,1050万元人民币,确山县产业集聚区
广西南宁爱业新科技有限公司,30万元人民币,南宁市兴宁区三塘镇松柏大道23号
东莞市中淮进出口贸易有限公司,100万元人民币,东莞市东城街道余屋社区莞龙路1号松源创新科技城A栋1楼A112办公室
深圳市锦为科技有限公司,200万元人民币,深圳市龙岗区南湾街道丹竹头社区草堆街9号C栋211
淄博冠创能源有限公司,1500万元人民币,山东省淄博市临淄区齐都国际商务大厦B座503室
河南省安克林滤业有限公司,6000万元人民币,长垣县南蒲区宏力大道南段(木岗专业园区)
贵州易莱科技有限公司,1000万元人民币,贵州省安顺市平坝区夏云工业园区兴业西路
许昌克鲁伯医疗科技有限公司,3000万元人民币,河南省许昌市魏都区八一路西头开元路北头民营科技园区内
中科惠金投资控股（深圳）有限公司,500万元人民币,深圳市龙岗区坂田街道五和大道五和商业广场A1002
广西香槟信息科技有限公司,200万元人民币,南宁市青秀区金洲路25号太平洋世纪广场A座12层1204号房
深圳市戴科尔科技有限公司,50万元人民币,深圳市宝安区航城街道利锦社区创建路4号三力工业园三力工业园6栋401
广西龙酉商贸有限公司,600万元人民币,广西壮族自治区百色市右江区龙景街道龙腾路长鸿荣业大厦1号楼5楼
广东亚力斯特实业有限公司,5000万元人民币,广东省河源市连平县城石龙工业园
深圳市粤滨实业发展有限公司,168万元人民币,深圳市龙岗区龙岗街道平南社区九州家园10栋龙园路163号
广东大力士供应链管理有限公司,1010万元人民币,广东省东莞市石碣镇四甲祥兴街4号102室
深圳市小天才实业有限公司,688万元人民币,深圳市坪山区坪山街道和平社区坪山办事处深汕路246号1007
四川浩渝贸易有限公司,2000万元人民币,中国(四川)自由贸易试验区川南临港片区云台路一段68号西南商贸城16区2街D-208(自主申报)
深圳绿韵物联科技有限公司,500万元人民币,深圳市前海深港合作区前湾一路1号A栋201室(入驻深圳市前海商务秘书有限公司)
道元（山东）智慧科技有限公司,10000万元人民币,山东省济南市槐荫区美里路555号海那城总部公园11号楼1单元
深圳市宗发贸易有限公司,300万元人民币,深圳市宝安区石岩街道上屋社区上屋社区元岭工业区厂房9栋二层203
贵州呼哪儿数据服务有限公司,1000万元人民币,贵州省贵阳市贵阳综合保税区都拉乡商业街
梦丽园实业（深圳）有限公司,3000万港元,深圳市宝安区龙华镇第十工业区
安徽省亚震电力照明科技有限公司,1000万元人民币,利辛县工业园青年路西侧、诚信路南侧
深圳市大照视界科技有限公司,100万元人民币,深圳市宝安区西乡街道桃源社区航城工业区华丰创意世界E座611
中利康医疗（深圳）有限公司,500万元人民币,深圳市宝安区西乡街道永丰社区宝乐宝和大厦807
浙江易贝进出口有限公司,1000万元人民币,浙江省温州市鹿城区五马街道瓯江路鹿港大厦1幢2201室-08
山东艾迪机电技术有限公司,300万元人民币,山东省烟台市芝罘区卧龙中路11号6-205
中创（深圳）医疗集团有限公司,1000万元人民币,深圳市前海深港合作区前湾一路1号A栋201室(入驻深圳市前海商务秘书有限公司)
中顺（深圳）医疗集团有限公司,1000万元人民币,深圳市前海深港合作区前湾一路1号A栋201室(入驻深圳市前海商务秘书有限公司)
北药医疗集团（深圳）有限公司,1000万元人民币,深圳市前海深港合作区前湾一路1号A栋201室(入驻深圳市前海商务秘书有限公司)
深圳市礼匠科技有限公司,100万元人民币,深圳市宝安区西乡街道臣田社区宝民二路东方雅苑3层C361
山东圣泉新材料股份有限公司,23651万元人民币,山东省济南市章丘区刁镇工业开发区
广西茶江商贸有限公司,240万元人民币,南宁市青秀区茶花园路29号锦湖苑401房
四川德博能源有限公司,600万元人民币,南充市顺庆区金鱼岭正街1层57号
深圳市大潮汇商业管理有限公司,1000万元人民币,深圳市龙岗区宝龙街道南约村联和工业区一区3号二楼201
深圳东竔科技有限公司,3000万元人民币,深圳市龙岗区宝龙街道宝龙社区翠宝路新屋吓宝龙工业厂区2号厂房601
恒健国际医疗（深圳）有限公司,500万元人民币,深圳市福田区梅林街道梅林一村社区梅林路148号梅林一村45栋304
深圳市景途贸易有限公司,300万元人民币,深圳市宝安区石岩街道龙腾社区上屋村委径贝村松白路东侧合志和厂区办公楼104
池州市贵池区浩瀚纺织制品营销中心,,安徽省池州市百荷园小区芙绣楼1楼A座
深圳安吉尔饮水产业集团有限公司,6000万元人民币,深圳市光明区凤凰街道塘家社区汇业路13号401
超威电源集团有限公司,106380万元人民币,浙江省湖州市长兴县长兴县雉城镇新兴工业园区
中国邮政集团公司天津市东丽区中国民航大学邮政所,,天津市东丽区中国民航大学正门旁
